År,Art,Landingsplads,Levende vægt (kg),Landet vægt (kg),Værdi (kr),lat,lon
2013,Torsk,Åbenrå,"1,809","1,551",,55.0446228,9.4209667
2013,Torsk,Agersø,"74,959","67,368","1,242,820",55.2174327,11.1843067
2013,Torsk,Ålbæk,330,282,"6,637",57.5925422,10.4115924
2013,Torsk,Ålborg,117,101,,57.0462626,9.9215263
2013,Torsk,Allinge,59,50,,55.2746124,14.799119
2013,Torsk,Anholt,297,254,"3,901",56.7128297,11.562026
2013,Torsk,Århus,40,34,,56.1496278,10.2134046
2013,Torsk,Arnager,"3,853","3,293",,55.0544378,14.7794545
2013,Torsk,Årøsund,"26,027","24,666","325,821",55.2580919,9.7068676
2013,Torsk,Årsdale,"148,319","137,167","1,017,745",55.1059445,15.144951
2013,Torsk,Assens (fyn),342,292,,,
2013,Torsk,Augustenborg,562,512,,54.9506719,9.8743203
2013,Torsk,Bagenkop,"586,198","535,577","6,275,815",54.7495173,10.6751651
2013,Torsk,Ballen (samsø),84,72,,55.8157777,10.637472
2013,Torsk,Ballen (svendborg sund),5,4,,,
2013,Torsk,Begtrup,23,20,,56.1797653,10.5099678
2013,Torsk,Blokhus,"1,219","1,042",,57.2523474,9.5842346
2013,Torsk,Bogense,868,759,,55.5640146,10.092085
2013,Torsk,Bøgeskoven,"4,527","3,876","47,783",55.6841412,12.4153978
2013,Torsk,Bøjden,205,175,,55.1037624,10.1052145
2013,Torsk,Bølshavn,"7,642","6,629",,55.1541034,15.0766432
2013,Torsk,Bønnerup,"2,645","2,306","39,778",56.5193467,10.7203397
2013,Torsk,Brunshuse,"1,070",990,,55.2002666,10.0037703
2013,Torsk,Christiansø,"11,416","11,442",,55.3204511,15.1892448
2013,Torsk,Dalsgård,75,64,,54.8926905,9.5768153
2013,Torsk,Dragør,"61,558","52,766","905,697",55.592487,12.6719953
2013,Torsk,Dyreborg,488,420,"4,987",55.0690532,10.2077743
2013,Torsk,Ebeltoft,228,195,,56.1988382,10.6770909
2013,Torsk,Egernsund,"2,063","1,879",,54.9065871,9.6032632
2013,Torsk,Fåborg,"128,313","120,924","1,476,326",55.097087,10.2428246
2013,Torsk,Fakse ladeplads,"1,037",886,"14,110",55.22086,12.1690321
2013,Torsk,Falsled,282,185,,55.1529423,10.1476487
2013,Torsk,Fjællebroen,332,263,,55.0606415,10.3823631
2013,Torsk,Føns vig,25,23,,55.4224274,9.8019308
2013,Torsk,Fønsskov,29,28,,55.4494816,9.7544498
2013,Torsk,Frederikshavn,150,128,"2,615",57.4412134,10.5336225
2013,Torsk,Frejlev,106,91,,54.7027233,11.7653804
2013,Torsk,Fynshav,858,818,,54.9878426,9.9813057
2013,Torsk,Gedser,"255,707","223,269","2,931,550",54.5770446,11.9313561
2013,Torsk,Gilleleje,"102,856","93,141","1,335,239",56.1244169,12.3124485
2013,Torsk,Gråsten,438,345,,54.9140178,9.5866302
2013,Torsk,Grenå,"3,435","3,003","54,402",56.4134419,10.8793137
2013,Torsk,Gudhjem,"1,603","1,370",,55.2112235,14.9704119
2013,Torsk,Guldborg,670,613,,54.8717325,11.7447134
2013,Torsk,Hals,720,623,,56.9963038,10.3084669
2013,Torsk,Hammerhavn,562,480,,55.277895,14.7562281
2013,Torsk,Hanstholm,"2,802,671","2,406,233","60,311,620",57.1150165,8.6144947
2013,Torsk,Hårbøllebro,"1,887","1,613",,54.890786,12.1346891
2013,Torsk,Hasle,"266,908","236,016","2,309,129",55.1838021,14.7061711
2013,Torsk,Havnsø,649,555,,55.7518479,11.3232496
2013,Torsk,Hejlsminde,23,20,,55.3675103,9.6010577
2013,Torsk,Helsingør,"13,560","11,901","143,665",56.0348739,12.6130073
2013,Torsk,Hesnæs,"138,718","120,034","1,492,915",54.8241885,12.1364893
2013,Torsk,Hirtshals,"1,491,650","1,280,373","33,899,049",57.5908031,9.9649737
2013,Torsk,Hornbæk,212,181,,56.0879176,12.4587803
2013,Torsk,Humlebæk,"5,439","4,886",,55.9618789,12.5305462
2013,Torsk,Hundested,"1,884","1,674","18,915",55.9668501,11.8515494
2013,Torsk,Hvide sande,"301,130","258,056","7,317,705",56.0057884,8.1288435
2013,Torsk,Kalø,26,22,,56.299009,10.4993034
2013,Torsk,Kalundborg,"12,527","12,460","111,380",55.6833793,11.0993619
2013,Torsk,Kastrup,"17,094","14,616","245,003",55.6357222,12.6469508
2013,Torsk,Kerteminde,"190,751","184,941","2,247,514",55.4532771,10.6547783
2013,Torsk,Klintholm havn,"405,916","349,361","3,765,805",54.9540184,12.4690854
2013,Torsk,Knebel,4,3,,56.2139417,10.4864395
2013,Torsk,Køge,"529,629","457,388","5,198,352",55.4565009,12.1818964
2013,Torsk,Korsør,"29,975","26,761","445,154",55.3266045,11.1425876
2013,Torsk,Kramnitze,"52,720","48,266","782,824",54.7081316,11.2570162
2013,Torsk,Langø,"294,461","261,274","5,211,558",54.8134596,11.0196153
2013,Torsk,Lemvig,94,80,,56.5486971,8.3046456
2013,Torsk,Lild strand,528,451,,57.152356,8.9627355
2013,Torsk,Listed,"136,268","124,616","955,697",55.1443676,15.1120376
2013,Torsk,Lohals,267,234,"7,253",55.1348685,10.9052825
2013,Torsk,Løkken,"21,292","18,545","477,857",57.3704858,9.7112502
2013,Torsk,Lønstrup,125,107,,57.468435,9.7980104
2013,Torsk,Lundeborg,"9,728","9,361","158,682",55.1397523,10.7825356
2013,Torsk,Marstal,"79,635","71,573","1,148,791",54.8558332,10.5174056
2013,Torsk,Middelfart,"2,283","2,010","35,950",55.4470023,9.9369812
2013,Torsk,Mommark,"36,764","34,394","570,685",54.9213988,10.040313
2013,Torsk,Mosede,"11,207","9,599","116,273",55.5799975,12.2720087
2013,Torsk,Nexø,"3,107,601","2,684,196","20,296,320",55.0650145,15.1307273
2013,Torsk,Nørre vorupør,"2,655","2,270","51,139",56.9533533,8.3754337
2013,Torsk,Nørreby,88,78,,54.9964371,12.4378628
2013,Torsk,Nyborg,"107,405","97,437","1,423,100",55.3098281,10.7976604
2013,Torsk,Nykøbing f,806,692,,54.7646137,11.8709918
2013,Torsk,Odden,769,689,"24,803",57.5378138,10.0938699
2013,Torsk,Omø,"70,253","64,367","1,135,980",55.1582696,11.1495799
2013,Torsk,Østerby,"18,675","15,759","316,914",57.0604418,9.5995831
2013,Torsk,Pedersker,"16,100","13,989","133,050",55.0313436,14.9939614
2013,Torsk,Reersø,59,50,,55.5240151,11.1103965
2013,Torsk,Ristinge,"4,066","3,475","34,590",54.8232989,10.6328187
2013,Torsk,Rødby havn,"51,386","44,971",,,
2013,Torsk,Rødhus,257,220,,57.2167969,9.5372429
2013,Torsk,Rødvig,"164,617","143,865","1,668,871",55.2553773,12.3792675
2013,Torsk,Rønne,"1,052,068","911,990","8,197,267",55.0994511,14.7060906
2013,Torsk,Rørvig,4,3,,55.9452985,11.7613881
2013,Torsk,Røsnæs,59,53,,55.733982,10.9579717
2013,Torsk,Rungsted,"5,010","4,323",,55.8885195,12.5303539
2013,Torsk,Sejerø,7,7,,55.8869999,11.1465334
2013,Torsk,Sevedø,239,204,,,
2013,Torsk,Skælskør,786,676,,55.2521101,11.2942011
2013,Torsk,Skærbæk,"5,125","4,652","72,796",55.157032,8.765738
2013,Torsk,Skagen,"569,684","488,492","12,543,343",57.7259703,10.5844602
2013,Torsk,Skovshoved,"1,468","1,260",,55.7595816,12.5956873
2013,Torsk,Skrillinge strand,115,98,,55.481214,9.7351634
2013,Torsk,Skudehavnen/københavn,"126,654","108,873","1,638,006",55.7148677,12.6031149
2013,Torsk,Sletnæs,0,0,,,
2013,Torsk,Sletten,"83,451","72,618","1,031,006",55.9542448,12.5304611
2013,Torsk,Slettestrand,22,19,,57.1515512,9.366283
2013,Torsk,Snekkersten,"1,807","1,549",,56.0107273,12.579952
2013,Torsk,Snogebæk,"19,725","19,643",,55.0245813,15.1152563
2013,Torsk,Søby,"215,942","202,285","2,500,121",54.6890665,11.7283083
2013,Torsk,Sømarken,"10,467","8,847","94,099",55.0059701,14.9710178
2013,Torsk,Sønderborg,"61,606","56,921","805,867",54.9089186,9.7897999
2013,Torsk,Sønderskov (øst for skærbæk),29,25,,,
2013,Torsk,Spodsbjerg,"193,504","173,409","3,170,512",54.9299931,10.8275735
2013,Torsk,Stenbjerg,214,183,,56.9209541,8.3592847
2013,Torsk,Strandby (nordjylland),"161,739","139,137","3,630,791",57.4926713,10.4978821
2013,Torsk,Strøby ladeplads,"3,418","2,921",,55.4006665,12.2998271
2013,Torsk,Stubbekøbing,"200,363","173,498","2,223,663",54.888364,12.0381564
2013,Torsk,Svaneke,"105,644","97,199",,55.136227,15.1411115
2013,Torsk,Tårs,"4,065","3,718","54,622",54.8831014,11.0271943
2013,Torsk,Tejn,"219,450","191,496","1,560,254",55.2489885,14.833428
2013,Torsk,Thorsminde,"376,631","324,900","9,278,738",56.374526,8.1232421
2013,Torsk,Thorup strand,"290,603","251,707","7,432,837",57.1325764,9.1329115
2013,Torsk,Thurø,41,35,,55.0426356,10.6819211
2013,Torsk,Thyborøn,"1,497,007","1,284,192","35,241,920",56.6981186,8.2117981
2013,Torsk,Torø huse,443,379,,55.2444635,9.895463
2013,Torsk,Urne,445,380,,54.9518843,11.2846739
2013,Torsk,Vedbæk,"106,169","91,616","1,449,483",55.8540912,12.5653124
2013,Torsk,Vesterø,"1,849","1,583","27,459",57.2950657,10.9265417
2014,Torsk,Åbenrå,"1,637","1,400",,55.0446228,9.4209667
2014,Torsk,Agersø,"95,293","83,309","1,372,808",55.2174327,11.1843067
2014,Torsk,Agger,11,10,,56.7823936,8.2414749
2014,Torsk,Ålbæk,86,77,"1,427",57.5925422,10.4115924
2014,Torsk,Anholt,597,520,"7,687",56.7128297,11.562026
2014,Torsk,Århus,72,69,,56.1496278,10.2134046
2014,Torsk,Arnager,"3,088","2,646","23,054",55.0544378,14.7794545
2014,Torsk,Årøsund,"14,196","13,280","163,572",55.2580919,9.7068676
2014,Torsk,Årsdale,"30,158","27,345","210,457",55.1059445,15.144951
2014,Torsk,Assens (fyn),270,231,,,
2014,Torsk,Augustenborg,228,195,,54.9506719,9.8743203
2014,Torsk,Bagenkop,"585,353","539,032","5,988,573",54.7495173,10.6751651
2014,Torsk,Ballen (samsø),57,49,,55.8157777,10.637472
2014,Torsk,Begtrup,27,23,,56.1797653,10.5099678
2014,Torsk,Blokhus,"4,324","3,696","65,114",57.2523474,9.5842346
2014,Torsk,Bøgeskoven,"2,799","2,395","24,261",55.6841412,12.4153978
2014,Torsk,Bøjden,130,120,,55.1037624,10.1052145
2014,Torsk,Bølshavn,"4,017","3,443",,55.1541034,15.0766432
2014,Torsk,Bønnerup,"2,633","2,412","38,768",56.5193467,10.7203397
2014,Torsk,Brunshuse,49,42,,55.2002666,10.0037703
2014,Torsk,Dalsgård,"4,396","3,758",,54.8926905,9.5768153
2014,Torsk,Dragør,"130,472","111,693","1,891,131",55.592487,12.6719953
2014,Torsk,Dyreborg,164,145,,55.0690532,10.2077743
2014,Torsk,Egernsund,"3,170","2,737",,54.9065871,9.6032632
2014,Torsk,Fåborg,"96,228","89,031","1,059,077",55.097087,10.2428246
2014,Torsk,Fakse ladeplads,"1,457","1,255",,55.22086,12.1690321
2014,Torsk,Falsled,138,92,,55.1529423,10.1476487
2014,Torsk,Fjællebroen,"2,567","2,391","40,298",55.0606415,10.3823631
2014,Torsk,Føns vig,19,16,,55.4224274,9.8019308
2014,Torsk,Frederikshavn,816,714,"15,644",57.4412134,10.5336225
2014,Torsk,Gedser,"172,955","149,482","1,918,028",54.5770446,11.9313561
2014,Torsk,Gilleleje,"205,547","184,107","2,443,728",56.1244169,12.3124485
2014,Torsk,Glyngøre,0,3,,56.759744,8.8739004
2014,Torsk,Gråsten,"3,158","2,729",,54.9140178,9.5866302
2014,Torsk,Grenå,"5,332","4,716","73,014",56.4134419,10.8793137
2014,Torsk,Gudhjem,563,481,,55.2112235,14.9704119
2014,Torsk,Guldborg,450,385,,54.8717325,11.7447134
2014,Torsk,Hals,974,843,"16,820",56.9963038,10.3084669
2014,Torsk,Hammerhavn,"1,119",956,,55.277895,14.7562281
2014,Torsk,Hanstholm,"3,225,975","2,767,981","68,133,352",57.1150165,8.6144947
2014,Torsk,Hårbøllebro,805,688,,54.890786,12.1346891
2014,Torsk,Hasle,"164,363","153,270","1,264,826",55.1838021,14.7061711
2014,Torsk,Helnæs,29,25,,55.1503982,10.0075863
2014,Torsk,Helsingør,"14,596","12,666","148,455",56.0348739,12.6130073
2014,Torsk,Hesnæs,"147,232","127,812","1,363,421",54.8241885,12.1364893
2014,Torsk,Hirtshals,"1,490,057","1,279,640","32,535,092",57.5908031,9.9649737
2014,Torsk,Hornbæk,364,315,,56.0879176,12.4587803
2014,Torsk,Hou (nordjylland),"1,080",923,,57.0573849,10.366756
2014,Torsk,Humlebæk,"2,141","1,908",,55.9618789,12.5305462
2014,Torsk,Hundested,811,705,"9,052",55.9668501,11.8515494
2014,Torsk,Hvide sande,"314,147","269,483","7,193,239",56.0057884,8.1288435
2014,Torsk,Kalø,29,25,,56.299009,10.4993034
2014,Torsk,Kalundborg,60,55,,55.6833793,11.0993619
2014,Torsk,Karrebæksminde,176,150,,55.1780155,11.6468481
2014,Torsk,Kastrup,"35,792","30,612","483,215",55.6357222,12.6469508
2014,Torsk,Kerteminde,"165,473","157,094","2,128,297",55.4532771,10.6547783
2014,Torsk,Klintholm havn,"873,222","749,415","6,858,968",54.9540184,12.4690854
2014,Torsk,Klitmøller,397,339,,57.0401536,8.4985063
2014,Torsk,Knebel,7,6,,56.2139417,10.4864395
2014,Torsk,Køge,"493,138","422,515","4,729,735",55.4565009,12.1818964
2014,Torsk,Korsør,"56,520","49,701","725,533",55.3266045,11.1425876
2014,Torsk,Kragenæs,"3,648","3,118",,54.9159371,11.3556407
2014,Torsk,Kramnitze,"57,542","52,516","825,017",54.7081316,11.2570162
2014,Torsk,Langø,"225,396","199,547","3,734,601",54.8134596,11.0196153
2014,Torsk,Lild strand,"1,456","1,279",,57.152356,8.9627355
2014,Torsk,Listed,738,631,,55.1443676,15.1120376
2014,Torsk,Løgstør,77,66,,56.9625246,9.2619587
2014,Torsk,Lohals,136,125,,55.1348685,10.9052825
2014,Torsk,Løkken,"39,985","34,297","748,268",57.3704858,9.7112502
2014,Torsk,Lønstrup,"2,057","1,759","32,186",57.468435,9.7980104
2014,Torsk,Lundeborg,"1,856","1,725","33,993",55.1397523,10.7825356
2014,Torsk,Marstal,"79,193","70,897","1,030,768",54.8558332,10.5174056
2014,Torsk,Mårup havn,4,3,,55.938262,10.5508222
2014,Torsk,Middelfart,"3,307","2,984",,55.4470023,9.9369812
2014,Torsk,Mommark,"43,330","39,573","568,242",54.9213988,10.040313
2014,Torsk,Mosede,"5,169","4,420","47,075",55.5799975,12.2720087
2014,Torsk,Nexø,"3,305,690","2,864,568","19,696,631",55.0650145,15.1307273
2014,Torsk,Nørre vorupør,"7,395","6,355","127,554",56.9533533,8.3754337
2014,Torsk,Nyborg,"105,378","93,695","1,337,809",55.3098281,10.7976604
2014,Torsk,Odden,222,192,"2,968",57.5378138,10.0938699
2014,Torsk,Omø,"78,667","70,519","1,238,605",55.1582696,11.1495799
2014,Torsk,Orehoved,47,40,,54.9518091,11.8551947
2014,Torsk,Østerby,"21,188","18,289","361,576",57.0604418,9.5995831
2014,Torsk,Præstø,0,0,,55.1178943,12.0538374
2014,Torsk,Rantzausminde,578,494,,55.0363177,10.540244
2014,Torsk,Reersø,96,82,,55.5240151,11.1103965
2014,Torsk,Ristinge,428,374,,54.8232989,10.6328187
2014,Torsk,Rødby havn,"29,619","26,094","217,632",,
2014,Torsk,Rødhus,"1,875","1,606","37,580",57.2167969,9.5372429
2014,Torsk,Rødvig,"207,218","179,184","2,124,165",55.2553773,12.3792675
2014,Torsk,Rønne,"967,024","848,914","6,727,478",55.0994511,14.7060906
2014,Torsk,Røsnæs,18,15,,55.733982,10.9579717
2014,Torsk,Rudkøbing,152,144,,54.9377498,10.7167568
2014,Torsk,Rungsted,"5,930","5,087","76,988",55.8885195,12.5303539
2014,Torsk,Sejerø,18,16,,55.8869999,11.1465334
2014,Torsk,Sevedø,"1,307","1,117",,,
2014,Torsk,Sillerslev,1,1,,56.6927861,8.7352522
2014,Torsk,Skælskør,"7,063","6,038",,55.2521101,11.2942011
2014,Torsk,Skærbæk,"6,592","5,884","67,685",55.157032,8.765738
2014,Torsk,Skagen,"671,296","575,368","15,002,716",57.7259703,10.5844602
2014,Torsk,Skrillinge strand,108,97,"1,027",55.481214,9.7351634
2014,Torsk,Skudehavnen/københavn,"107,300","91,956","1,253,796",55.7148677,12.6031149
2014,Torsk,Sletten,"88,172","76,389","1,057,216",55.9542448,12.5304611
2014,Torsk,Slettestrand,192,164,,57.1515512,9.366283
2014,Torsk,Snekkersten,"4,153","3,558","62,713",56.0107273,12.579952
2014,Torsk,Snogebæk,"2,503","2,185",,55.0245813,15.1152563
2014,Torsk,Søby,"148,058","138,846","1,688,698",54.6890665,11.7283083
2014,Torsk,Sømarken,"24,049","20,934","174,242",55.0059701,14.9710178
2014,Torsk,Sønder åby,150,128,,55.3622033,9.8693208
2014,Torsk,Sønderborg,"45,845","40,429","523,087",54.9089186,9.7897999
2014,Torsk,Spodsbjerg,"232,159","211,170","3,198,548",54.9299931,10.8275735
2014,Torsk,Strandby (nordjylland),"157,073","135,095","3,371,940",57.4926713,10.4978821
2014,Torsk,Strøby ladeplads,856,732,,55.4006665,12.2998271
2014,Torsk,Stubbekøbing,"283,626","244,261","3,095,280",54.888364,12.0381564
2014,Torsk,Svaneke,"69,515","66,185",,55.136227,15.1411115
2014,Torsk,Svendborg,408,349,,55.0636625,10.6084725
2014,Torsk,Tårbæk,"3,006","2,582",,55.7871236,12.5941844
2014,Torsk,Tårs,135,115,,54.8831014,11.0271943
2014,Torsk,Tejn,"376,931","328,780","2,441,035",55.2489885,14.833428
2014,Torsk,Thorsminde,"374,257","321,428","9,959,788",56.374526,8.1232421
2014,Torsk,Thorup strand,"353,455","305,635","8,495,665",57.1325764,9.1329115
2014,Torsk,Thurø,199,170,,55.0426356,10.6819211
2014,Torsk,Thyborøn,"2,242,517","1,920,249","49,082,833",56.6981186,8.2117981
2014,Torsk,Torø huse,79,67,,55.2444635,9.895463
2014,Torsk,Urne,164,140,,54.9518843,11.2846739
2014,Torsk,Vedbæk,"166,789","143,253","2,124,744",55.8540912,12.5653124
2014,Torsk,Vesterø,"2,603","2,243","42,976",57.2950657,10.9265417
2015,Torsk,Åbenrå,923,790,,55.0446228,9.4209667
2015,Torsk,Agersø,"105,529","91,656","1,776,089",55.2174327,11.1843067
2015,Torsk,Ålbæk,"1,011",869,"16,791",57.5925422,10.4115924
2015,Torsk,Anholt,179,153,"2,911",56.7128297,11.562026
2015,Torsk,Århus,30,26,,56.1496278,10.2134046
2015,Torsk,Arnager,"1,730","1,479",,55.0544378,14.7794545
2015,Torsk,Årøsund,"19,202","17,785","297,589",55.2580919,9.7068676
2015,Torsk,Årsdale,"35,355","32,386","219,887",55.1059445,15.144951
2015,Torsk,Assens (fyn),116,105,,,
2015,Torsk,Bagenkop,"797,203","708,708","9,379,116",54.7495173,10.6751651
2015,Torsk,Ballen (samsø),54,51,,55.8157777,10.637472
2015,Torsk,Ballen (svendborg sund),2,2,,,
2015,Torsk,Båring,33,28,,55.485948,9.9091618
2015,Torsk,Blokhus,"3,793","3,248","74,698",57.2523474,9.5842346
2015,Torsk,Bogense,159,136,,55.5640146,10.092085
2015,Torsk,Bøgeskoven,665,568,"6,516",55.6841412,12.4153978
2015,Torsk,Bøjden,45,45,,55.1037624,10.1052145
2015,Torsk,Bølshavn,"7,473","6,388",,55.1541034,15.0766432
2015,Torsk,Bønnerup,"3,207","2,861","63,262",56.5193467,10.7203397
2015,Torsk,Brunshuse,46,39,,55.2002666,10.0037703
2015,Torsk,Dragør,"142,250","121,936","2,212,804",55.592487,12.6719953
2015,Torsk,Dyreborg,56,48,,55.0690532,10.2077743
2015,Torsk,Egernsund,"5,063","4,410",,54.9065871,9.6032632
2015,Torsk,Fåborg,"82,318","75,782","1,078,822",55.097087,10.2428246
2015,Torsk,Fakse ladeplads,312,269,"5,109",55.22086,12.1690321
2015,Torsk,Falsled,102,60,,55.1529423,10.1476487
2015,Torsk,Fjællebroen,212,182,"7,766",55.0606415,10.3823631
2015,Torsk,Frederikshavn,308,268,"5,081",57.4412134,10.5336225
2015,Torsk,Gabet,23,20,,55.0351022,9.6905452
2015,Torsk,Gedser,"248,247","215,428","3,067,367",54.5770446,11.9313561
2015,Torsk,Gilleleje,"294,419","259,174","3,711,090",56.1244169,12.3124485
2015,Torsk,Gråsten,"7,996","6,845","101,835",54.9140178,9.5866302
2015,Torsk,Grenå,"21,501","18,800","344,560",56.4134419,10.8793137
2015,Torsk,Gudhjem,585,500,,55.2112235,14.9704119
2015,Torsk,Hanstholm,"3,623,616","3,107,530","80,573,208",57.1150165,8.6144947
2015,Torsk,Hårbøllebro,143,122,,54.890786,12.1346891
2015,Torsk,Hasle,"107,854","98,076","806,362",55.1838021,14.7061711
2015,Torsk,Helsingør,"11,014","9,693",,56.0348739,12.6130073
2015,Torsk,Hesnæs,"99,308","86,411","919,293",54.8241885,12.1364893
2015,Torsk,Hirtshals,"1,373,404","1,182,498","34,125,664",57.5908031,9.9649737
2015,Torsk,Hornbæk,239,204,,56.0879176,12.4587803
2015,Torsk,Humlebæk,67,57,,55.9618789,12.5305462
2015,Torsk,Hundested,"9,716","9,006","127,641",55.9668501,11.8515494
2015,Torsk,Hvide sande,"408,369","349,696","9,263,190",56.0057884,8.1288435
2015,Torsk,Jegindø,29,25,,56.6418048,8.6177949
2015,Torsk,Kalundborg,"5,442","5,375","69,386",55.6833793,11.0993619
2015,Torsk,Karrebæksminde,914,781,,55.1780155,11.6468481
2015,Torsk,Kastrup,"24,808","21,204","395,643",55.6357222,12.6469508
2015,Torsk,Kerteminde,"221,701","207,610","3,351,441",55.4532771,10.6547783
2015,Torsk,Klintholm havn,"813,297","696,934","7,100,531",54.9540184,12.4690854
2015,Torsk,København,47,43,,55.6867243,12.5700724
2015,Torsk,Køge,"684,188","586,172","6,091,118",55.4565009,12.1818964
2015,Torsk,Korsør,"41,987","36,878","650,007",55.3266045,11.1425876
2015,Torsk,Kramnitze,"56,214","51,888","1,017,018",54.7081316,11.2570162
2015,Torsk,Langø,"260,153","230,375","4,982,819",54.8134596,11.0196153
2015,Torsk,Lemvig,1,1,,56.5486971,8.3046456
2015,Torsk,Lild strand,"2,039","1,743","47,819",57.152356,8.9627355
2015,Torsk,Listed,"2,161","1,851",,55.1443676,15.1120376
2015,Torsk,Løgstør,"1,473","1,264",,56.9625246,9.2619587
2015,Torsk,Lohals,54,51,,55.1348685,10.9052825
2015,Torsk,Løkken,"40,664","34,986","906,030",57.3704858,9.7112502
2015,Torsk,Lønstrup,915,788,"19,560",57.468435,9.7980104
2015,Torsk,Lundeborg,"3,557","3,287","95,583",55.1397523,10.7825356
2015,Torsk,Marstal,"71,671","63,701",,54.8558332,10.5174056
2015,Torsk,Middelfart,"2,634","2,294",,55.4470023,9.9369812
2015,Torsk,Mommark,"31,995","28,957","506,846",54.9213988,10.040313
2015,Torsk,Mosede,"1,659","1,420","14,497",55.5799975,12.2720087
2015,Torsk,Nexø,"5,126,876","4,451,385","27,305,557",55.0650145,15.1307273
2015,Torsk,Nørre bork (bork havn),14,12,,55.8410587,8.3025506
2015,Torsk,Nørre vorupør,"10,103","8,635","195,951",56.9533533,8.3754337
2015,Torsk,Nyborg,"116,797","103,155","1,991,921",55.3098281,10.7976604
2015,Torsk,Nykøbing m,0,0,,56.7943811,8.8594834
2015,Torsk,Odden,351,322,"11,411",57.5378138,10.0938699
2015,Torsk,Odense,249,213,,55.3997225,10.3852104
2015,Torsk,Omø,"72,561","65,135","1,318,813",55.1582696,11.1495799
2015,Torsk,Østerby,"18,966","16,321","378,437",57.0604418,9.5995831
2015,Torsk,Præstø,364,314,,55.1178943,12.0538374
2015,Torsk,Rantzausminde,41,35,,55.0363177,10.540244
2015,Torsk,Ristinge,18,15,,54.8232989,10.6328187
2015,Torsk,Rødby havn,"224,935","199,086","2,220,388",,
2015,Torsk,Rødhus,"3,794","3,280","77,820",57.2167969,9.5372429
2015,Torsk,Rødvig,"200,254","172,331","1,846,100",55.2553773,12.3792675
2015,Torsk,Rønne,"670,723","585,562","4,825,736",55.0994511,14.7060906
2015,Torsk,Rørvig,4,3,,55.9452985,11.7613881
2015,Torsk,Rungsted,"3,219","2,812",,55.8885195,12.5303539
2015,Torsk,Sejerø,18,16,178,55.8869999,11.1465334
2015,Torsk,Skælskør,"5,105","4,380",,55.2521101,11.2942011
2015,Torsk,Skærbæk,"6,366","5,587","86,788",55.157032,8.765738
2015,Torsk,Skagen,"709,556","608,643","17,137,419",57.7259703,10.5844602
2015,Torsk,Skrillinge strand,103,88,,55.481214,9.7351634
2015,Torsk,Skudehavnen/københavn,"66,426","57,078","957,243",55.7148677,12.6031149
2015,Torsk,Sletten,"61,069","52,708","808,562",55.9542448,12.5304611
2015,Torsk,Slettestrand,882,759,,57.1515512,9.366283
2015,Torsk,Snekkersten,"3,249","2,777","53,640",56.0107273,12.579952
2015,Torsk,Søby,"166,092","153,150","2,327,659",54.6890665,11.7283083
2015,Torsk,Sømarken,"13,865","12,036","98,058",55.0059701,14.9710178
2015,Torsk,Sønderborg,"39,586","35,032","580,372",54.9089186,9.7897999
2015,Torsk,Sønderskov (øst for skærbæk),"3,017","2,715","34,629",,
2015,Torsk,Sortsø,23,20,,54.9172662,11.9715582
2015,Torsk,Spodsbjerg,"213,739","189,739","3,961,615",54.9299931,10.8275735
2015,Torsk,Stenbjerg,"1,674","1,431","32,504",56.9209541,8.3592847
2015,Torsk,Strandby (nordjylland),"120,718","103,730","2,905,142",57.4926713,10.4978821
2015,Torsk,Strøby ladeplads,188,161,,55.4006665,12.2998271
2015,Torsk,Stubbekøbing,"245,311","211,722","2,904,053",54.888364,12.0381564
2015,Torsk,Svaneke,"135,136","127,332",,55.136227,15.1411115
2015,Torsk,Svendborg,383,334,,55.0636625,10.6084725
2015,Torsk,Tårs,184,157,,54.8831014,11.0271943
2015,Torsk,Tejn,"440,094","382,267","2,268,471",55.2489885,14.833428
2015,Torsk,Thorsminde,"483,678","416,999","13,366,543",56.374526,8.1232421
2015,Torsk,Thorup strand,"453,902","394,576","12,130,434",57.1325764,9.1329115
2015,Torsk,Thurø,88,75,,55.0426356,10.6819211
2015,Torsk,Thyborøn,"2,187,034","1,879,352","50,101,832",56.6981186,8.2117981
2015,Torsk,Torø huse,7,6,,55.2444635,9.895463
2015,Torsk,Varbjerg,19,16,,55.5149104,9.9554747
2015,Torsk,Vedbæk,"118,098","101,406","1,663,253",55.8540912,12.5653124
2015,Torsk,Vesterø,"1,826","1,573","34,442",57.2950657,10.9265417
2016,Torsk,Åbenrå,377,322,,55.0446228,9.4209667
2016,Torsk,Agersø,"64,160","56,225","1,149,374",55.2174327,11.1843067
2016,Torsk,Ålbæk,"1,543","1,319","35,736",57.5925422,10.4115924
2016,Torsk,Anholt,514,439,"9,129",56.7128297,11.562026
2016,Torsk,Århus,45,38,,56.1496278,10.2134046
2016,Torsk,Arnager,495,423,,55.0544378,14.7794545
2016,Torsk,Årøsund,"20,652","19,049","340,535",55.2580919,9.7068676
2016,Torsk,Årsdale,"31,426","28,122","211,826",55.1059445,15.144951
2016,Torsk,Assens (fyn),309,286,"7,596",,
2016,Torsk,Augustenborg,66,56,,54.9506719,9.8743203
2016,Torsk,Bagenkop,"266,324","237,445","3,723,881",54.7495173,10.6751651
2016,Torsk,Ballen (samsø),36,36,,55.8157777,10.637472
2016,Torsk,Bisserup,68,58,,55.2027418,11.4967311
2016,Torsk,Blokhus,"2,478","2,118","50,394",57.2523474,9.5842346
2016,Torsk,Bøgeskoven,257,220,,55.6835422,12.4156297
2016,Torsk,Bøjden,10,10,,55.1037624,10.1052145
2016,Torsk,Bølshavn,"7,193","6,209",,55.1541034,15.0766432
2016,Torsk,Bønnerup,"4,812","4,259","78,213",56.5193467,10.7203397
2016,Torsk,Bregnør,6,5,,55.4713666,10.5955449
2016,Torsk,Brunshuse,8,7,,55.2002666,10.0037703
2016,Torsk,Dalsgård,94,94,,54.8926905,9.5768153
2016,Torsk,Dragør,"157,534","135,244","2,481,157",55.592487,12.6719953
2016,Torsk,Dyreborg,37,32,,55.0690532,10.2077743
2016,Torsk,Ebeltoft,296,269,"5,475",56.1988382,10.6770909
2016,Torsk,Egernsund,632,550,,54.9065871,9.6032632
2016,Torsk,Ejby havn,118,118,,55.6954663,11.837341
2016,Torsk,Esbjerg,168,144,,55.4664892,8.4520751
2016,Torsk,Fåborg,"85,900","81,644","1,321,114",55.097087,10.2428246
2016,Torsk,Fakse ladeplads,268,239,,55.22086,12.1690321
2016,Torsk,Falsled,38,31,,55.1529423,10.1476487
2016,Torsk,Felsted huse,103,88,,56.3204212,8.2312625
2016,Torsk,Fjællebroen,287,246,,55.0606415,10.3823631
2016,Torsk,Føns vig,10,10,,55.4224274,9.8019308
2016,Torsk,Frederikshavn,"29,492","25,260","276,368",57.4412134,10.5336225
2016,Torsk,Gedser,"147,028","127,491","1,665,363",54.5770446,11.9313561
2016,Torsk,Gilleleje,"292,273","255,780","4,305,460",56.1244169,12.3124485
2016,Torsk,Gråsten,331,283,,54.9140178,9.5866302
2016,Torsk,Grenå,"15,598","13,561","243,685",56.4134419,10.8793137
2016,Torsk,Gudhjem,247,211,,55.2112235,14.9704119
2016,Torsk,Guldborg,137,137,,54.8717325,11.7447134
2016,Torsk,Hals,"8,760","7,637","175,035",56.9963038,10.3084669
2016,Torsk,Hanstholm,"4,319,938","3,688,927","97,987,441",57.1150165,8.6144947
2016,Torsk,Hasle,"83,234","75,786","723,771",55.1838021,14.7061711
2016,Torsk,Havnsø,1,1,,55.7518479,11.3232496
2016,Torsk,Helsingør,"9,054","8,111","126,117",56.0348739,12.6130073
2016,Torsk,Hesnæs,"39,689","34,947","357,322",54.8241885,12.1364893
2016,Torsk,Hirtshals,"1,656,006","1,425,403","41,365,506",57.5908031,9.9649737
2016,Torsk,Hornbæk,660,564,,56.0879176,12.4587803
2016,Torsk,Hou (nordjylland),102,87,,57.0573849,10.366756
2016,Torsk,Humlebæk,26,22,,55.9618789,12.5305462
2016,Torsk,Hundested,"17,790","15,340","311,461",55.9668501,11.8515494
2016,Torsk,Hvide sande,"424,590","363,106","10,078,724",56.0057884,8.1288435
2016,Torsk,Kalvø,30,30,,54.7236376,11.8617612
2016,Torsk,Karrebæksminde,971,830,,55.1780155,11.6468481
2016,Torsk,Kastrup,"26,555","22,702","358,740",55.6357222,12.6469508
2016,Torsk,Kerteminde,"129,287","118,899","1,980,935",55.4532771,10.6547783
2016,Torsk,Klintholm havn,"895,352","766,965","8,026,785",54.9540184,12.4690854
2016,Torsk,Knebel,6,5,,56.2139417,10.4864395
2016,Torsk,Køge,"291,728","249,868","2,936,519",55.4565009,12.1818964
2016,Torsk,Korsør,"27,895","23,995","380,519",55.3266045,11.1425876
2016,Torsk,Kramnitze,"55,871","51,488","1,020,629",54.7081316,11.2570162
2016,Torsk,Langø,"282,732","247,313","5,628,485",54.8134596,11.0196153
2016,Torsk,Lemvig,100,86,,56.5486971,8.3046456
2016,Torsk,Lild strand,238,203,,57.152356,8.9627355
2016,Torsk,Listed,"1,993","1,712","23,904",55.1443676,15.1120376
2016,Torsk,Løgstør,969,830,,56.9625246,9.2619587
2016,Torsk,Lohals,84,74,,55.1348685,10.9052825
2016,Torsk,Løkken,"33,553","28,873","725,360",57.3704858,9.7112502
2016,Torsk,Lønstrup,"1,124",961,,57.468435,9.7980104
2016,Torsk,Lundeborg,"8,345","7,646",,55.1397523,10.7825356
2016,Torsk,Marstal,"67,447","59,102",,54.8558332,10.5174056
2016,Torsk,Middelfart,284,256,,55.4470023,9.9369812
2016,Torsk,Mommark,"19,746","18,075","364,074",54.9213988,10.040313
2016,Torsk,Mosede,"2,265","1,938","24,936",55.5799975,12.2720087
2016,Torsk,Nexø,"3,184,961","2,767,879","18,208,292",55.0650145,15.1307273
2016,Torsk,Nørre vorupør,"4,103","3,507","84,991",56.9533533,8.3754337
2016,Torsk,Nyborg,"79,642","70,362","1,426,607",55.3098281,10.7976604
2016,Torsk,Odden,"2,954","2,527","87,442",57.5378138,10.0938699
2016,Torsk,Omø,"30,395","27,070","558,577",55.1582696,11.1495799
2016,Torsk,Østerby,"32,515","28,094","577,582",57.0604418,9.5995831
2016,Torsk,Rantzausminde,16,14,,55.0363177,10.540244
2016,Torsk,Ristinge,25,21,,54.8232989,10.6328187
2016,Torsk,Rødby havn,"35,611","31,337","429,902",,
2016,Torsk,Rødhus,"2,909","2,486","63,283",57.2167969,9.5372429
2016,Torsk,Rødvig,"126,543","109,300","1,226,566",55.2553773,12.3792675
2016,Torsk,Rønne,"862,823","749,457","6,235,239",55.0994511,14.7060906
2016,Torsk,Røsnæs,15,21,318,55.733982,10.9579717
2016,Torsk,Rungsted,"6,784","5,837",,55.8885195,12.5303539
2016,Torsk,Sejerø,46,39,868,55.8869999,11.1465334
2016,Torsk,Skælskør,"2,100","1,800","27,549",55.2521101,11.2942011
2016,Torsk,Skærbæk,"1,632","1,409","23,077",55.157032,8.765738
2016,Torsk,Skagen,"790,507","679,866","19,485,995",57.7259703,10.5844602
2016,Torsk,Skrillinge strand,150,128,"1,839",55.481214,9.7351634
2016,Torsk,Skudehavnen/københavn,"62,419","53,557","883,876",55.7148677,12.6031149
2016,Torsk,Sletten,"62,963","54,223","816,629",55.9542448,12.5304611
2016,Torsk,Slettestrand,363,312,,57.1515512,9.366283
2016,Torsk,Snekkersten,"5,934","5,071","81,807",56.0107273,12.579952
2016,Torsk,Søby,"80,114","75,560","1,457,747",54.6890665,11.7283083
2016,Torsk,Sømarken,"7,837","6,892","51,412",55.0059701,14.9710178
2016,Torsk,Sønder åby,15,15,,55.3622033,9.8693208
2016,Torsk,Sønderborg,"34,494","31,510","629,949",54.9089186,9.7897999
2016,Torsk,Sønderskov (øst for skærbæk),459,413,,,
2016,Torsk,Spodsbjerg,"220,526","195,435","4,335,415",54.9299931,10.8275735
2016,Torsk,Stenbjerg,"1,182","1,011","22,819",56.9209541,8.3592847
2016,Torsk,Strandby (nordjylland),"149,664","129,030","3,550,535",57.4926713,10.4978821
2016,Torsk,Strøby ladeplads,12,10,,55.4006665,12.2998271
2016,Torsk,Stubbekøbing,"115,443","99,027","1,598,492",54.888364,12.0381564
2016,Torsk,Svaneke,"71,080","64,859",,55.136227,15.1411115
2016,Torsk,Tårs,63,54,,54.8831014,11.0271943
2016,Torsk,Tejn,"470,095","403,919","2,840,890",55.2489885,14.833428
2016,Torsk,Thorsminde,"356,902","307,926","9,287,976",56.374526,8.1232421
2016,Torsk,Thorup strand,"274,273","239,068","7,184,030",57.1325764,9.1329115
2016,Torsk,Thyborøn,"2,456,019","2,098,801","57,038,166",56.6981186,8.2117981
2016,Torsk,Torø huse,111,96,,55.2444635,9.895463
2016,Torsk,Tvede skov,41,35,,54.975269,10.6507258
2016,Torsk,Vedbæk,"89,984","77,323","1,271,697",55.8540912,12.5653124
2016,Torsk,Vesterø,922,799,"12,043",57.2950657,10.9265417
2017,Torsk,Agersø,"25,527","22,911","601,993",55.2174327,11.1843067
2017,Torsk,Ålbæk,234,200,"6,452",57.5925422,10.4115924
2017,Torsk,Anholt,876,754,"14,543",56.7128297,11.562026
2017,Torsk,Arnager,612,534,,55.0544378,14.7794545
2017,Torsk,Årøsund,"3,046","2,970","59,001",55.2580919,9.7068676
2017,Torsk,Årsdale,"21,144","19,779","165,943",55.1059445,15.144951
2017,Torsk,Assens (fyn),43,42,570,,
2017,Torsk,Augustenborg,238,203,,54.9506719,9.8743203
2017,Torsk,Bagenkop,"246,958","220,542","3,677,628",54.7495173,10.6751651
2017,Torsk,Ballen (samsø),27,27,,55.8157777,10.637472
2017,Torsk,Ballen (svendborg sund),20,18,,,
2017,Torsk,Blokhus,"2,549","2,192","56,878",57.2523474,9.5842346
2017,Torsk,Bogense,16,14,,55.5640146,10.092085
2017,Torsk,Bøgeskoven,952,831,,55.6841412,12.4153978
2017,Torsk,Bøjden,30,30,,55.1037624,10.1052145
2017,Torsk,Bølshavn,"1,412","1,213",,55.1541034,15.0766432
2017,Torsk,Bønnerup,"8,466","7,577","171,012",56.5193467,10.7203397
2017,Torsk,Brunshuse,527,450,"3,415",55.2002666,10.0037703
2017,Torsk,Dalsgård,116,116,,54.8926905,9.5768153
2017,Torsk,Dragør,"79,697","68,657","1,305,366",55.592487,12.6719953
2017,Torsk,Dyreborg,311,266,,55.0690532,10.2077743
2017,Torsk,Fåborg,"30,023","28,023","521,673",55.097087,10.2428246
2017,Torsk,Fakse ladeplads,80,78,"1,243",55.22086,12.1690321
2017,Torsk,Falsled,10,10,,55.1529423,10.1476487
2017,Torsk,Fjællebroen,"3,664","3,163","37,241",55.0606415,10.3823631
2017,Torsk,Frederikshavn,229,203,"4,037",57.4412134,10.5336225
2017,Torsk,Gedser,"87,556","75,969","1,033,606",54.5770446,11.9313561
2017,Torsk,Gilleleje,"292,548","256,109","4,816,927",56.1244169,12.3124485
2017,Torsk,Gråsten,"4,093","3,506","34,480",54.9140178,9.5866302
2017,Torsk,Grenå,"14,684","12,764","258,193",56.4134419,10.8793137
2017,Torsk,Guldborg,"2,421","2,186","25,966",54.8717325,11.7447134
2017,Torsk,Hals,"9,269","8,264","293,283",56.9963038,10.3084669
2017,Torsk,Hammerhavn,137,117,,55.277895,14.7562281
2017,Torsk,Hanstholm,"3,436,411","2,938,450","83,799,241",57.1150165,8.6144947
2017,Torsk,Hårbøllebro,36,31,,54.890786,12.1346891
2017,Torsk,Hasle,"68,456","62,056","695,772",55.1838021,14.7061711
2017,Torsk,Havnsø,59,50,,55.7518479,11.3232496
2017,Torsk,Helnæs,30,27,,55.1503982,10.0075863
2017,Torsk,Helsingør,"4,461","3,996","71,867",56.0348739,12.6130073
2017,Torsk,Hesnæs,"15,805","14,034","164,764",54.8241885,12.1364893
2017,Torsk,Hirtshals,"1,537,385","1,327,221","38,724,328",57.5908031,9.9649737
2017,Torsk,Hornbæk,190,162,,56.0879176,12.4587803
2017,Torsk,Humlebæk,51,46,,55.9618789,12.5305462
2017,Torsk,Hundested,"25,587","21,861","399,950",55.9668501,11.8515494
2017,Torsk,Hvide sande,"391,002","333,961","9,642,351",56.0057884,8.1288435
2017,Torsk,Kalundborg,6,30,,55.6833793,11.0993619
2017,Torsk,Kalvø,364,364,,54.7236376,11.8617612
2017,Torsk,Karrebæksminde,"2,166","1,851","15,088",55.1780155,11.6468481
2017,Torsk,Kastrup,"19,546","16,767","275,844",55.6357222,12.6469508
2017,Torsk,Kerteminde,"46,459","41,981","887,260",55.4532771,10.6547783
2017,Torsk,Klintholm havn,"453,934","389,429","4,157,612",54.9540184,12.4690854
2017,Torsk,Køge,"60,109","51,409","713,740",55.4565009,12.1818964
2017,Torsk,Korshavn (v. fyns hoved),-0,0,,,
2017,Torsk,Korsør,"20,469","17,564","290,159",55.3266045,11.1425876
2017,Torsk,Kragenæs,1,1,,54.9159371,11.3556407
2017,Torsk,Kramnitze,"31,302","29,063","665,459",54.7081316,11.2570162
2017,Torsk,Langø,"204,741","177,158","4,020,542",54.8134596,11.0196153
2017,Torsk,Lild strand,220,188,,57.152356,8.9627355
2017,Torsk,Listed,"2,583","2,219","24,035",55.1443676,15.1120376
2017,Torsk,Lohals,42,42,,55.1348685,10.9052825
2017,Torsk,Løkken,"25,250","21,654","571,107",57.3704858,9.7112502
2017,Torsk,Lønstrup,"1,934","1,658","47,129",57.468435,9.7980104
2017,Torsk,Lundeborg,"2,761","2,445","62,854",55.1397523,10.7825356
2017,Torsk,Lynæs,76,65,,55.9446366,11.8631056
2017,Torsk,Marstal,"46,426","40,124","876,730",54.8558332,10.5174056
2017,Torsk,Mommark,"13,812","12,517","276,586",54.9213988,10.040313
2017,Torsk,Mosede,646,565,"6,913",55.5799975,12.2720087
2017,Torsk,Nexø,"2,125,124","1,850,107","14,458,019",55.0650145,15.1307273
2017,Torsk,Nørre vorupør,"1,347","1,156","30,354",56.9533533,8.3754337
2017,Torsk,Nyborg,"59,203","52,292","1,252,635",55.3098281,10.7976604
2017,Torsk,Odden,"4,708","4,095","102,161",57.5378138,10.0938699
2017,Torsk,Oddesund nord,60,51,,56.5825864,8.5470037
2017,Torsk,Omø,"18,330","16,436","411,317",55.1582696,11.1495799
2017,Torsk,Østerby,"27,836","24,575","562,882",57.0604418,9.5995831
2017,Torsk,Rantzausminde,509,435,,55.0363177,10.540244
2017,Torsk,Reersø,651,557,,55.5240151,11.1103965
2017,Torsk,Rødby havn,"30,889","28,683","440,379",,
2017,Torsk,Rødhus,"2,071","1,777","55,652",57.2167969,9.5372429
2017,Torsk,Rødvig,"73,130","63,038","767,644",55.2553773,12.3792675
2017,Torsk,Rønne,"368,905","322,328","2,934,997",55.0994511,14.7060906
2017,Torsk,Røsnæs,32,30,,55.733982,10.9579717
2017,Torsk,Rungsted,"4,893","4,197",,55.8885195,12.5303539
2017,Torsk,Sejerø,31,29,,55.8869999,11.1465334
2017,Torsk,Skælskør,92,79,,55.2521101,11.2942011
2017,Torsk,Skærbæk,433,370,"7,422",55.157032,8.765738
2017,Torsk,Skagen,"894,044","768,851","22,681,175",57.7259703,10.5844602
2017,Torsk,Skrillinge strand,381,328,,55.481214,9.7351634
2017,Torsk,Skudehavnen/københavn,"49,190","42,340","801,922",55.7148677,12.6031149
2017,Torsk,Sletten,"47,637","41,043","721,897",55.9542448,12.5304611
2017,Torsk,Slettestrand,1,1,,57.1515512,9.366283
2017,Torsk,Snekkersten,32,27,,56.0107273,12.579952
2017,Torsk,Søby,"52,138","49,314","1,055,710",54.6890665,11.7283083
2017,Torsk,Sømarken,"7,628","6,757","54,504",55.0059701,14.9710178
2017,Torsk,Sønder åby,105,90,,55.3622033,9.8693208
2017,Torsk,Sønderborg,"8,833","7,708","163,261",54.9089186,9.7897999
2017,Torsk,Sønderskov (øst for skærbæk),343,295,,,
2017,Torsk,Spodsbjerg,"153,745","136,456","3,269,081",54.9299931,10.8275735
2017,Torsk,Stenbjerg,186,159,"3,672",56.9209541,8.3592847
2017,Torsk,Strandby (nordjylland),"155,854","134,096","3,904,945",57.4926713,10.4978821
2017,Torsk,Strøby ladeplads,102,93,,55.4006665,12.2998271
2017,Torsk,Stubbekøbing,"31,136","26,624","390,763",54.888364,12.0381564
2017,Torsk,Svaneke,"110,893","95,189","766,855",55.136227,15.1411115
2017,Torsk,Tårs,707,604,,54.8831014,11.0271943
2017,Torsk,Tejn,"192,057","165,658","1,458,812",55.2489885,14.833428
2017,Torsk,Thorsminde,"354,188","302,573","10,053,822",56.374526,8.1232421
2017,Torsk,Thorup strand,"266,197","233,437","7,296,221",57.1325764,9.1329115
2017,Torsk,Thyborøn,"2,542,089","2,170,188","62,150,273",56.6981186,8.2117981
2017,Torsk,Torø huse,348,298,,55.2444635,9.895463
2017,Torsk,Vedbæk,"67,861","58,327","1,092,601",55.8540912,12.5653124
2017,Torsk,Vesterø,372,319,"5,458",57.2950657,10.9265417
2018,Torsk,Agersø,"9,461","8,620","185,851",55.2174327,11.1843067
2018,Torsk,Ålbæk,318,285,"5,298",57.5925422,10.4115924
2018,Torsk,Anholt,"1,431","1,228","23,579",56.7128297,11.562026
2018,Torsk,Arnager,329,281,,55.0544378,14.7794545
2018,Torsk,Årøsund,"3,697","3,335","49,665",55.2580919,9.7068676
2018,Torsk,Årsdale,"17,104","16,094","144,714",55.1059445,15.144951
2018,Torsk,Assens (fyn),235,234,,,
2018,Torsk,Assens (mariager fjord),39,37,,,
2018,Torsk,Augustenborg,0,0,,54.9506719,9.8743203
2018,Torsk,Bagenkop,"229,859","202,796","3,128,435",54.7495173,10.6751651
2018,Torsk,Ballen (samsø),25,25,,55.8157777,10.637472
2018,Torsk,Blokhus,"2,427","2,083","49,603",57.2523474,9.5842346
2018,Torsk,Bogense,53,45,,55.5640146,10.092085
2018,Torsk,Bøgeskoven,322,275,,55.6841412,12.4153978
2018,Torsk,Bøjden,35,35,,55.1037624,10.1052145
2018,Torsk,Bølshavn,662,569,,55.1541034,15.0766432
2018,Torsk,Bønnerup,"6,090","5,283","88,893",56.5193467,10.7203397
2018,Torsk,Dalsgård,91,91,,54.8926905,9.5768153
2018,Torsk,Dragør,"129,613","110,735","1,807,495",55.592487,12.6719953
2018,Torsk,Dyreborg,112,100,,55.0690532,10.2077743
2018,Torsk,Ebeltoft,105,90,,56.1988382,10.6770909
2018,Torsk,Egernsund,"5,404","4,646","58,984",54.9065871,9.6032632
2018,Torsk,Ejerslev,1,1,,56.9239787,8.9014792
2018,Torsk,Esbjerg,229,208,,55.4664892,8.4520751
2018,Torsk,Fåborg,"23,472","21,025","328,079",55.097087,10.2428246
2018,Torsk,Fakse ladeplads,487,487,,55.22086,12.1690321
2018,Torsk,Falsled,25,25,,55.1529423,10.1476487
2018,Torsk,Fjællebroen,48,48,,55.0606415,10.3823631
2018,Torsk,Føns vig,21,21,,55.4224274,9.8019308
2018,Torsk,Frederikshavn,119,103,"1,202",57.4412134,10.5336225
2018,Torsk,Gedser,"5,526","4,753",,54.5770446,11.9313561
2018,Torsk,Gilleleje,"205,389","180,180","3,455,432",56.1244169,12.3124485
2018,Torsk,Gråsten,"3,571","3,056","37,911",54.9140178,9.5866302
2018,Torsk,Grenå,"10,928","9,421","169,079",56.4134419,10.8793137
2018,Torsk,Guldborg,550,477,,54.8717325,11.7447134
2018,Torsk,Hals,"1,070",915,"19,240",56.9963038,10.3084669
2018,Torsk,Hanstholm,"3,499,750","2,992,035","85,114,520",57.1150165,8.6144947
2018,Torsk,Hasle,"50,282","44,888","527,108",55.1838021,14.7061711
2018,Torsk,Havnsø,41,35,,55.7518479,11.3232496
2018,Torsk,Helsingør,"4,777","4,137","63,672",56.0348739,12.6130073
2018,Torsk,Hesnæs,"13,423","11,590","145,064",54.8241885,12.1364893
2018,Torsk,Hirtshals,"2,072,836","1,778,261","47,054,503",57.5908031,9.9649737
2018,Torsk,Hornbæk,178,152,,56.0879176,12.4587803
2018,Torsk,Hundested,"17,419","16,038","341,919",55.9668501,11.8515494
2018,Torsk,Hvide sande,"233,456","199,322","5,763,242",56.0057884,8.1288435
2018,Torsk,Kalundborg,14,19,,55.6833793,11.0993619
2018,Torsk,Kalvø,231,231,,54.7236376,11.8617612
2018,Torsk,Karrebæksminde,59,50,,55.1780155,11.6468481
2018,Torsk,Kastrup,"20,468","17,619",,55.6357222,12.6469508
2018,Torsk,Kerteminde,"49,341","44,622","993,789",55.4532771,10.6547783
2018,Torsk,Klintholm havn,"314,216","269,472","2,967,782",54.9540184,12.4690854
2018,Torsk,Klitmøller,63,54,,57.0401536,8.4985063
2018,Torsk,Køge,518,443,"8,601",55.4565009,12.1818964
2018,Torsk,Korshavn (v. fyns hoved),23,20,,,
2018,Torsk,Korsør,"15,504","13,272","241,441",55.3266045,11.1425876
2018,Torsk,Kramnitze,"46,863","43,073","865,065",54.7081316,11.2570162
2018,Torsk,Langø,"181,164","156,069","3,434,274",54.8134596,11.0196153
2018,Torsk,Lild strand,267,228,,57.152356,8.9627355
2018,Torsk,Listed,450,385,,55.1443676,15.1120376
2018,Torsk,Lohals,45,43,,55.1348685,10.9052825
2018,Torsk,Løkken,"16,714","14,294","319,227",57.3704858,9.7112502
2018,Torsk,Lønstrup,"4,421","3,779","66,187",57.468435,9.7980104
2018,Torsk,Lundeborg,"3,861","3,630","74,174",55.1397523,10.7825356
2018,Torsk,Marstal,"64,287","55,410","1,079,309",54.8558332,10.5174056
2018,Torsk,Mommark,"14,187","12,740","273,601",54.9213988,10.040313
2018,Torsk,Mosede,"1,699","1,452","16,843",55.5799975,12.2720087
2018,Torsk,Nexø,"866,777","750,112","6,386,727",55.0650145,15.1307273
2018,Torsk,Nørre vorupør,"1,236","1,057","28,739",56.9533533,8.3754337
2018,Torsk,Nyborg,"52,023","45,544","948,099",55.3098281,10.7976604
2018,Torsk,Odden,"1,840","1,618","34,586",57.5378138,10.0938699
2018,Torsk,Omø,"11,225","10,020","231,064",55.1582696,11.1495799
2018,Torsk,Østerby,"8,507","7,314","123,674",57.0604418,9.5995831
2018,Torsk,Præstø,8,7,,55.1178943,12.0538374
2018,Torsk,Rantzausminde,40,35,,55.0363177,10.540244
2018,Torsk,Reersø,7,4,,55.5240151,11.1103965
2018,Torsk,Ristinge,26,22,,54.8232989,10.6328187
2018,Torsk,Rødby havn,"11,068","9,638",,,
2018,Torsk,Rødhus,595,509,"15,614",57.2167969,9.5372429
2018,Torsk,Rødvig,"61,849","53,038","669,268",55.2553773,12.3792675
2018,Torsk,Rønne,"446,938","386,502","3,615,061",55.0994511,14.7060906
2018,Torsk,Røsnæs,1,1,,55.733982,10.9579717
2018,Torsk,Rungsted,"4,390","3,754",,55.8885195,12.5303539
2018,Torsk,Skælskør,"1,061",907,"19,052",55.2521101,11.2942011
2018,Torsk,Skærbæk,54,46,"1,059",55.157032,8.765738
2018,Torsk,Skagen,"838,653","717,592","20,319,855",57.7259703,10.5844602
2018,Torsk,Skovshoved,"2,903","2,492",,55.7595816,12.5956873
2018,Torsk,Skrillinge strand,122,104,,55.481214,9.7351634
2018,Torsk,Skudehavnen/københavn,"39,965","34,502","574,924",55.7148677,12.6031149
2018,Torsk,Sletten,"44,339","38,140","602,437",55.9542448,12.5304611
2018,Torsk,Søby,"73,544","68,562","1,279,794",54.6890665,11.7283083
2018,Torsk,Sømarken,"6,866","5,969","57,845",55.0059701,14.9710178
2018,Torsk,Sønderborg,"20,526","19,046","376,396",54.9089186,9.7897999
2018,Torsk,Sønderskov (øst for skærbæk),143,122,,,
2018,Torsk,Spodsbjerg,"144,569","126,641","2,967,124",54.9299931,10.8275735
2018,Torsk,Stenbjerg,842,727,"18,467",56.9209541,8.3592847
2018,Torsk,Strandby (nordjylland),"93,541","81,230","1,991,955",57.4926713,10.4978821
2018,Torsk,Strøby ladeplads,6,6,,55.4006665,12.2998271
2018,Torsk,Stubbekøbing,"48,771","42,161","732,921",54.888364,12.0381564
2018,Torsk,Svaneke,"34,222","29,431",,55.136227,15.1411115
2018,Torsk,Svendborg,104,40,,55.0636625,10.6084725
2018,Torsk,Tårs,92,79,,54.8831014,11.0271943
2018,Torsk,Tejn,"48,288","41,466","396,369",55.2489885,14.833428
2018,Torsk,Thorsminde,"193,077","164,853","6,218,350",56.374526,8.1232421
2018,Torsk,Thorup strand,"77,889","68,100","2,246,220",57.1325764,9.1329115
2018,Torsk,Thyborøn,"2,620,356","2,236,689","65,050,702",56.6981186,8.2117981
2018,Torsk,Vang,47,40,,55.2480758,14.7392738
2018,Torsk,Vedbæk,"89,315","77,027","1,305,434",55.8540912,12.5653124
2018,Torsk,Vesterø,240,205,"1,951",57.2950657,10.9265417
2019,Torsk,Agersø,"5,221","4,470","96,320",55.2174327,11.1843067
2019,Torsk,Ålbæk,2,2,33,57.5925422,10.4115924
2019,Torsk,Albuen,489,438,,54.8144824,10.9578318
2019,Torsk,Anholt,214,183,"3,211",56.7128297,11.562026
2019,Torsk,Årøsund,611,498,,55.2580919,9.7068676
2019,Torsk,Årsdale,"7,722","7,403","60,347",55.1059445,15.144951
2019,Torsk,Assens (fyn),514,493,"14,877",,
2019,Torsk,Assens (mariager fjord),98,84,,,
2019,Torsk,Bagenkop,"642,116","564,407","8,356,391",54.7495173,10.6751651
2019,Torsk,Ballen (samsø),10,10,,55.8157777,10.637472
2019,Torsk,Begtrup,8,8,,56.1797653,10.5099678
2019,Torsk,Blokhus,510,436,,57.2523474,9.5842346
2019,Torsk,Bøgeskoven,"2,453","2,226",,55.6841412,12.4153978
2019,Torsk,Bølshavn,661,565,,55.1541034,15.0766432
2019,Torsk,Bønnerup,"2,120","1,833","32,462",56.5193467,10.7203397
2019,Torsk,Dalsgård,126,126,,54.8926905,9.5768153
2019,Torsk,Dragør,"213,748","183,771","3,641,264",55.592487,12.6719953
2019,Torsk,Dyreborg,12,10,,55.0690532,10.2077743
2019,Torsk,Ebeltoft,1,1,,56.1988382,10.6770909
2019,Torsk,Egernsund,"5,062","4,578",,54.9065871,9.6032632
2019,Torsk,Ejerslev,1,1,,56.9239787,8.9014792
2019,Torsk,Fåborg,"7,123","6,580","129,571",55.097087,10.2428246
2019,Torsk,Fjællebroen,257,228,"4,310",55.0606415,10.3823631
2019,Torsk,Frederikshavn,31,27,285,57.4412134,10.5336225
2019,Torsk,Gilleleje,"110,416","96,367","1,852,620",56.1244169,12.3124485
2019,Torsk,Gråsten,634,542,"12,630",54.9140178,9.5866302
2019,Torsk,Grenå,"4,134","3,573","79,798",56.4134419,10.8793137
2019,Torsk,Hals,"1,514","1,297","35,496",56.9963038,10.3084669
2019,Torsk,Hanstholm,"3,526,038","3,019,117","95,938,622",57.1150165,8.6144947
2019,Torsk,Hasle,"21,627","19,663","258,413",55.1838021,14.7061711
2019,Torsk,Helnæs,2,2,,55.1503982,10.0075863
2019,Torsk,Helsingør,"7,085","6,336","106,953",56.0348739,12.6130073
2019,Torsk,Hesnæs,"6,377","5,934","79,902",54.8241885,12.1364893
2019,Torsk,Hirtshals,"1,164,756","999,127","29,521,813",57.5908031,9.9649737
2019,Torsk,Hornbæk,565,483,,56.0879176,12.4587803
2019,Torsk,Hundested,942,827,"17,435",55.9668501,11.8515494
2019,Torsk,Hvide sande,"189,832","163,156","5,061,817",56.0057884,8.1288435
2019,Torsk,Kalvø,117,117,,54.7236376,11.8617612
2019,Torsk,Kastrup,"25,508","21,971","393,010",55.6357222,12.6469508
2019,Torsk,Kerteminde,"146,089","128,413","2,042,405",55.4532771,10.6547783
2019,Torsk,Klintholm havn,"198,434","170,467","2,638,951",54.9540184,12.4690854
2019,Torsk,Klitmøller,27,23,,57.0401536,8.4985063
2019,Torsk,København,"1,112",951,,55.6867243,12.5700724
2019,Torsk,Køge,"18,630","15,953","308,822",55.4565009,12.1818964
2019,Torsk,Korshavn (v. fyns hoved),94,80,,,
2019,Torsk,Korsør,"8,932","7,691","138,007",55.3266045,11.1425876
2019,Torsk,Kramnitze,"30,383","27,524","665,793",54.7081316,11.2570162
2019,Torsk,Langø,"163,198","141,954","3,443,729",54.8134596,11.0196153
2019,Torsk,Lild strand,86,86,,57.152356,8.9627355
2019,Torsk,Lohals,123,105,,55.1348685,10.9052825
2019,Torsk,Løkken,"7,569","6,470","168,213",57.3704858,9.7112502
2019,Torsk,Lønstrup,"1,761","1,506","35,493",57.468435,9.7980104
2019,Torsk,Lundeborg,"2,129","1,947",,55.1397523,10.7825356
2019,Torsk,Marstal,"25,888","22,291","544,251",54.8558332,10.5174056
2019,Torsk,Mommark,"13,800","12,519","308,487",54.9213988,10.040313
2019,Torsk,Mosede,41,35,,55.5799975,12.2720087
2019,Torsk,Nexø,"248,738","218,340","1,731,816",55.0650145,15.1307273
2019,Torsk,Nørre vorupør,"1,204","1,029","30,492",56.9533533,8.3754337
2019,Torsk,Nyborg,"33,410","30,332","683,774",55.3098281,10.7976604
2019,Torsk,Odden,417,360,"8,529",57.5378138,10.0938699
2019,Torsk,Odense,2,2,,55.3997225,10.3852104
2019,Torsk,Omø,"4,092","3,664","85,693",55.1582696,11.1495799
2019,Torsk,Østerby,"12,059","10,345","206,699",57.0604418,9.5995831
2019,Torsk,Ristinge,34,29,,54.8232989,10.6328187
2019,Torsk,Rødby havn,"41,880","36,061",,,
2019,Torsk,Rødhus,61,53,,57.2167969,9.5372429
2019,Torsk,Rødvig,"23,961","21,552","316,705",55.2553773,12.3792675
2019,Torsk,Rønne,"176,810","152,108","1,532,194",55.0994511,14.7060906
2019,Torsk,Rungsted,"4,601","3,948",,55.8885195,12.5303539
2019,Torsk,Skærbæk,20,17,,55.157032,8.765738
2019,Torsk,Skagen,"347,810","298,196","9,358,982",57.7259703,10.5844602
2019,Torsk,Skodsborg,64,55,,55.8214676,12.5728477
2019,Torsk,Skovshoved,"3,817","3,300","85,270",55.7595816,12.5956873
2019,Torsk,Skrillinge strand,78,67,,55.481214,9.7351634
2019,Torsk,Skudehavnen/københavn,"58,421","50,180","918,853",55.7148677,12.6031149
2019,Torsk,Sletten,"61,292","53,094","941,897",55.9542448,12.5304611
2019,Torsk,Snekkersten,47,41,,56.0107273,12.579952
2019,Torsk,Søby,"101,606","91,005","1,509,072",54.6890665,11.7283083
2019,Torsk,Sømarken,807,691,"7,459",55.0059701,14.9710178
2019,Torsk,Sønder åby,64,55,,55.3622033,9.8693208
2019,Torsk,Sønderborg,"50,881","45,781","948,346",54.9089186,9.7897999
2019,Torsk,Sønderskov (øst for skærbæk),43,37,,,
2019,Torsk,Spodsbjerg,"195,393","172,772","4,252,859",54.9299931,10.8275735
2019,Torsk,Stenbjerg,326,279,"7,921",56.9209541,8.3592847
2019,Torsk,Strandby (nordjylland),"44,682","38,394","1,139,943",57.4926713,10.4978821
2019,Torsk,Strøby ladeplads,169,145,,55.4006665,12.2998271
2019,Torsk,Stubbekøbing,"198,122","172,460","2,917,225",54.888364,12.0381564
2019,Torsk,Tejn,"35,038","30,176","267,698",55.2489885,14.833428
2019,Torsk,Thorsminde,"213,002","181,858","6,812,838",56.374526,8.1232421
2019,Torsk,Thorup strand,"81,778","70,850","2,581,043",57.1325764,9.1329115
2019,Torsk,Thyborøn,"2,080,879","1,778,579","56,292,634",56.6981186,8.2117981
2019,Torsk,Torø huse,46,39,,55.2444635,9.895463
2019,Torsk,Tvede skov,23,20,,54.975269,10.6507258
2019,Torsk,Vang,44,38,,55.2480758,14.7392738
2019,Torsk,Vedbæk,"140,882","121,786","2,303,529",55.8540912,12.5653124
2019,Torsk,Vesterø,73,62,853,57.2950657,10.9265417
2019,Torsk,Vordingborg,2,2,,55.0102518,11.9097478
2020,Torsk,Agersø,32,27,,55.2174327,11.1843067
2020,Torsk,Ålbæk,12,11,147,57.5925422,10.4115924
2020,Torsk,Anholt,117,101,"2,111",56.7128297,11.562026
2020,Torsk,Årøsund,323,296,"6,606",55.2580919,9.7068676
2020,Torsk,Årsdale,887,758,"8,141",55.1059445,15.144951
2020,Torsk,Assens (fyn),291,270,,,
2020,Torsk,Augustenborg,4,3,,54.9506719,9.8743203
2020,Torsk,Bagenkop,"350,304","305,737","6,262,005",54.7495173,10.6751651
2020,Torsk,Ballen (samsø),16,16,,55.8157777,10.637472
2020,Torsk,Blokhus,"2,113","1,806",,57.2523474,9.5842346
2020,Torsk,Bogense,2,2,,55.5640146,10.092085
2020,Torsk,Bøgeskoven,37,32,,55.6841412,12.4153978
2020,Torsk,Bønnerup,"1,689","1,471","36,375",56.5193467,10.7203397
2020,Torsk,Dalsgård,121,121,,54.8926905,9.5768153
2020,Torsk,Dragør,"54,349","46,604","936,752",55.592487,12.6719953
2020,Torsk,Dyreborg,15,13,,55.0690532,10.2077743
2020,Torsk,Egernsund,121,110,,54.9065871,9.6032632
2020,Torsk,Fåborg,"8,639","7,569","202,610",55.097087,10.2428246
2020,Torsk,Fjællebroen,430,366,,55.0606415,10.3823631
2020,Torsk,Frederikshavn,14,12,204,57.4412134,10.5336225
2020,Torsk,Gedser,"9,924","8,586","128,284",54.5770446,11.9313561
2020,Torsk,Gilleleje,"30,696","27,216","665,261",56.1244169,12.3124485
2020,Torsk,Gråsten,41,35,,54.9140178,9.5866302
2020,Torsk,Grenå,"1,733","1,492","31,687",56.4134419,10.8793137
2020,Torsk,Hals,152,166,,56.9963038,10.3084669
2020,Torsk,Hanstholm,"2,148,572","1,841,130","59,067,818",57.1150165,8.6144947
2020,Torsk,Hasle,"8,612","7,451","95,071",55.1838021,14.7061711
2020,Torsk,Havneby,115,115,,55.0868902,8.563597
2020,Torsk,Helnæs,2,2,,55.1503982,10.0075863
2020,Torsk,Helsingør,"2,805","2,484","51,311",56.0348739,12.6130073
2020,Torsk,Hesnæs,"1,020",894,"12,104",54.8241885,12.1364893
2020,Torsk,Hirtshals,"713,006","612,171","17,681,176",57.5908031,9.9649737
2020,Torsk,Hornbæk,246,210,,56.0879176,12.4587803
2020,Torsk,Hundested,351,300,"5,360",55.9668501,11.8515494
2020,Torsk,Hvide sande,"133,244","113,780","3,761,323",56.0057884,8.1288435
2020,Torsk,Kalundborg,"1,288","1,101",,55.6833793,11.0993619
2020,Torsk,Kalvø,135,135,,54.7236376,11.8617612
2020,Torsk,Kastrup,"6,718","5,845","103,619",55.6357222,12.6469508
2020,Torsk,Kerteminde,"84,406","75,552","1,892,700",55.4532771,10.6547783
2020,Torsk,Klintholm havn,"59,645","51,653","874,729",54.9540184,12.4690854
2020,Torsk,København,91,80,,55.6867243,12.5700724
2020,Torsk,Køge,"27,179","23,228","520,121",55.4565009,12.1818964
2020,Torsk,Korshavn (v. fyns hoved),23,20,,,
2020,Torsk,Korsør,"4,755","4,065","66,266",55.3266045,11.1425876
2020,Torsk,Kramnitze,"25,371","23,346","535,025",54.7081316,11.2570162
2020,Torsk,Langø,"118,588","103,679","2,577,427",54.8134596,11.0196153
2020,Torsk,Lild strand,98,84,,57.152356,8.9627355
2020,Torsk,Lohals,1,1,,55.1348685,10.9052825
2020,Torsk,Løkken,"2,833","2,422","63,139",57.3704858,9.7112502
2020,Torsk,Lønstrup,"1,169","1,000","25,072",57.468435,9.7980104
2020,Torsk,Lundeborg,"2,025","1,872","57,292",55.1397523,10.7825356
2020,Torsk,Marstal,"24,347","20,926","512,011",54.8558332,10.5174056
2020,Torsk,Mommark,"10,221","9,228","258,597",54.9213988,10.040313
2020,Torsk,Mosede,205,175,,55.5799975,12.2720087
2020,Torsk,Nexø,"19,988","17,432","183,365",55.0650145,15.1307273
2020,Torsk,Nibe,0,19,,56.9823812,9.6428712
2020,Torsk,Nørre vorupør,"2,620","2,254","68,509",56.9533533,8.3754337
2020,Torsk,Nyborg,"10,901","9,862","289,404",55.3098281,10.7976604
2020,Torsk,Odden,621,545,"14,606",57.5378138,10.0938699
2020,Torsk,Odense,2,2,,55.3997225,10.3852104
2020,Torsk,Omø,"12,586","11,339","207,038",55.1582696,11.1495799
2020,Torsk,Østerby,"7,236","6,220","138,157",57.0604418,9.5995831
2020,Torsk,Ristinge,73,62,,54.8232989,10.6328187
2020,Torsk,Rødby havn,"46,713","40,866","852,390",,
2020,Torsk,Rødhus,278,239,"5,774",57.2167969,9.5372429
2020,Torsk,Rødvig,"4,949","4,393","65,596",55.2553773,12.3792675
2020,Torsk,Rønne,"37,559","32,270","332,918",55.0994511,14.7060906
2020,Torsk,Rungsted,"1,590","1,362",,55.8885195,12.5303539
2020,Torsk,Skærbæk,4,3,,55.157032,8.765738
2020,Torsk,Skagen,"230,569","198,120","5,725,467",57.7259703,10.5844602
2020,Torsk,Skive,18,15,,56.6459244,8.9327322
2020,Torsk,Skovshoved,"2,339","2,016","37,687",55.7595816,12.5956873
2020,Torsk,Skrillinge strand,22,19,234,55.481214,9.7351634
2020,Torsk,Skudehavnen/københavn,"11,481","9,951","196,189",55.7148677,12.6031149
2020,Torsk,Sletten,"28,945","25,112","420,077",55.9542448,12.5304611
2020,Torsk,Søby,"54,207","49,026","1,257,248",54.6890665,11.7283083
2020,Torsk,Sømarken,149,127,,55.0059701,14.9710178
2020,Torsk,Sønder åby,223,191,,55.3622033,9.8693208
2020,Torsk,Sønderborg,"102,889","91,573","2,457,152",54.9089186,9.7897999
2020,Torsk,Sønderskov (øst for skærbæk),70,62,,,
2020,Torsk,Spodsbjerg,"174,865","154,748","3,978,424",54.9299931,10.8275735
2020,Torsk,Stenbjerg,99,85,"1,460",56.9209541,8.3592847
2020,Torsk,Strandby (nordjylland),"34,576","29,794","847,621",57.4926713,10.4978821
2020,Torsk,Stubbekøbing,"177,986","154,539","3,321,009",54.888364,12.0381564
2020,Torsk,Tejn,360,314,,55.2489885,14.833428
2020,Torsk,Thorsminde,"88,228","75,549","2,838,939",56.374526,8.1232421
2020,Torsk,Thorup strand,"41,293","35,736","1,129,848",57.1325764,9.1329115
2020,Torsk,Thyborøn,"1,204,623","1,027,986","33,148,035",56.6981186,8.2117981
2020,Torsk,Torø huse,5,5,,55.2444635,9.895463
2020,Torsk,Vang,71,61,,55.2480758,14.7392738
2020,Torsk,Vedbæk,"36,450","31,831","687,704",55.8540912,12.5653124
2020,Torsk,Vesterø,312,267,"2,789",57.2950657,10.9265417
2021,Torsk,Ålbæk,1,1,,57.5925422,10.4115924
2021,Torsk,Anholt,174,149,"2,601",56.7128297,11.562026
2021,Torsk,Årøsund,669,616,"11,094",55.2580919,9.7068676
2021,Torsk,Årsdale,882,754,"8,718",55.1059445,15.144951
2021,Torsk,Assens (fyn),88,84,,,
2021,Torsk,Bagenkop,"120,346","111,616","2,233,586",54.7495173,10.6751651
2021,Torsk,Ballen (samsø),4,4,,55.8157777,10.637472
2021,Torsk,Begtrup,1,1,,56.1797653,10.5099678
2021,Torsk,Blokhus,"1,243","1,062",,57.2523474,9.5842346
2021,Torsk,Bøgeskoven,11,9,,55.6841412,12.4153978
2021,Torsk,Bønnerup,"1,696","1,475","31,143",56.5193467,10.7203397
2021,Torsk,Dalsgård,64,64,,54.8926905,9.5768153
2021,Torsk,Dragør,"29,161","24,992","580,932",55.592487,12.6719953
2021,Torsk,Egernsund,12,10,,54.9065871,9.6032632
2021,Torsk,Fåborg,"12,222","12,154","275,245",55.097087,10.2428246
2021,Torsk,Fiskerihavnen/københavn,7,6,,55.7241885,12.6037913
2021,Torsk,Fjællebroen,267,229,,55.0606415,10.3823631
2021,Torsk,Frederikshavn,1,1,,57.4412134,10.5336225
2021,Torsk,Gedser,"5,955","5,110","79,816",54.5770446,11.9313561
2021,Torsk,Gilleleje,"10,101","8,806","195,799",56.1244169,12.3124485
2021,Torsk,Grenå,"1,810","1,561","35,345",56.4134419,10.8793137
2021,Torsk,Hals,2,2,,56.9963038,10.3084669
2021,Torsk,Hanstholm,"1,424,704","1,221,735","42,642,077",57.1150165,8.6144947
2021,Torsk,Hasle,"2,824","2,462","27,313",55.1838021,14.7061711
2021,Torsk,Haverslev havn,11,10,,57.0298882,9.4005097
2021,Torsk,Helsingør,"4,031","3,642","67,787",56.0348739,12.6130073
2021,Torsk,Hesnæs,343,299,,54.8241885,12.1364893
2021,Torsk,Hirtshals,"722,501","619,555","19,495,158",57.5908031,9.9649737
2021,Torsk,Hornbæk,91,78,,56.0879176,12.4587803
2021,Torsk,Hou (nordjylland),3,4,,57.0573849,10.366756
2021,Torsk,Hundested,"1,210","1,047","20,499",55.9668501,11.8515494
2021,Torsk,Hvide sande,"89,583","76,573","2,870,695",56.0057884,8.1288435
2021,Torsk,Kalvø,182,182,,54.7236376,11.8617612
2021,Torsk,Kastrup,"3,178","2,811","47,477",55.6357222,12.6469508
2021,Torsk,Kerteminde,"12,548","11,884","259,945",55.4532771,10.6547783
2021,Torsk,Klintholm havn,"8,596","7,599","103,550",54.9540184,12.4690854
2021,Torsk,København,54,47,,55.6867243,12.5700724
2021,Torsk,Køge,"2,258","1,959",,55.4565009,12.1818964
2021,Torsk,Korsør,"2,724","2,449","47,934",55.3266045,11.1425876
2021,Torsk,Kramnitze,"9,847","9,031","200,524",54.7081316,11.2570162
2021,Torsk,Langø,"59,905","52,089","1,296,063",54.8134596,11.0196153
2021,Torsk,Lild strand,12,11,,57.152356,8.9627355
2021,Torsk,Løkken,"2,402","2,053","54,354",57.3704858,9.7112502
2021,Torsk,Lønstrup,"3,035","2,594","69,485",57.468435,9.7980104
2021,Torsk,Lundeborg,"1,004",954,,55.1397523,10.7825356
2021,Torsk,Marstal,"16,230","14,285","372,419",54.8558332,10.5174056
2021,Torsk,Mommark,"8,507","8,255","194,746",54.9213988,10.040313
2021,Torsk,Mosede,109,98,,55.5799975,12.2720087
2021,Torsk,Nexø,"19,344","17,057","170,199",55.0650145,15.1307273
2021,Torsk,Nørre vorupør,"2,342","2,002","60,420",56.9533533,8.3754337
2021,Torsk,Nyborg,"5,345","4,997","113,445",55.3098281,10.7976604
2021,Torsk,Odden,883,758,"14,891",57.5378138,10.0938699
2021,Torsk,Omø,472,414,"10,310",55.1582696,11.1495799
2021,Torsk,Østerby,"8,553","7,356","151,884",57.0604418,9.5995831
2021,Torsk,Ristinge,0,15,,54.8232989,10.6328187
2021,Torsk,Rødby havn,"7,597","6,923","113,324",,
2021,Torsk,Rødhus,135,116,"4,618",57.2167969,9.5372429
2021,Torsk,Rødvig,"2,176","1,901","27,941",55.2553773,12.3792675
2021,Torsk,Rønne,"27,103","23,350","257,007",55.0994511,14.7060906
2021,Torsk,Rungsted,877,757,,55.8885195,12.5303539
2021,Torsk,Skærbæk,23,20,,55.157032,8.765738
2021,Torsk,Skagen,"265,480","227,318","7,131,932",57.7259703,10.5844602
2021,Torsk,Skiveren strand,125,107,,,
2021,Torsk,Skovshoved,846,725,"18,332",55.7595816,12.5956873
2021,Torsk,Skrillinge strand,39,39,,55.481214,9.7351634
2021,Torsk,Skudehavnen/københavn,"13,861","11,877","199,594",55.7148677,12.6031149
2021,Torsk,Sletten,"27,418","23,559","490,231",55.9542448,12.5304611
2021,Torsk,Slettestrand,8,7,,57.1515512,9.366283
2021,Torsk,Snekkersten,184,161,,56.0107273,12.579952
2021,Torsk,Søby,"21,642","20,908","477,502",54.6890665,11.7283083
2021,Torsk,Sømarken,309,261,"2,905",55.0059701,14.9710178
2021,Torsk,Sønder åby,44,38,,55.3622033,9.8693208
2021,Torsk,Sønderborg,"22,144","20,060","456,008",54.9089186,9.7897999
2021,Torsk,Sønderskov (øst for skærbæk),37,33,,,
2021,Torsk,Spodsbjerg,"120,080","105,939","2,503,337",54.9299931,10.8275735
2021,Torsk,Stenbjerg,252,216,"4,841",56.9209541,8.3592847
2021,Torsk,Strandby (nordjylland),"28,226","24,190","683,845",57.4926713,10.4978821
2021,Torsk,Strøby ladeplads,372,318,,55.4006665,12.2998271
2021,Torsk,Stubbekøbing,"20,055","17,393","416,043",54.888364,12.0381564
2021,Torsk,Tårs,5,4,,54.8831014,11.0271943
2021,Torsk,Thorsminde,"81,873","69,959","3,358,240",56.374526,8.1232421
2021,Torsk,Thorup strand,"40,167","34,709","1,140,708",57.1325764,9.1329115
2021,Torsk,Thyborøn,"625,273","534,950","19,213,337",56.6981186,8.2117981
2021,Torsk,Torø huse,36,31,,55.2444635,9.895463
2021,Torsk,Vedbæk,"37,258","32,276","735,329",55.8540912,12.5653124
2021,Torsk,Vesterø,96,82,552,57.2950657,10.9265417
2022,Torsk,Agger,485,415,,56.7823936,8.2414749
2022,Torsk,Ålbæk,2,2,,57.5925422,10.4115924
2022,Torsk,Anholt,91,76,"1,190",56.7128297,11.562026
2022,Torsk,Årøsund,56,48,,55.2580919,9.7068676
2022,Torsk,Årsdale,878,753,"10,021",55.1059445,15.144951
2022,Torsk,Assens (fyn),10,9,,,
2022,Torsk,Bagenkop,"7,721","6,833","173,038",54.7495173,10.6751651
2022,Torsk,Ballen (samsø),3,3,,55.8157777,10.637472
2022,Torsk,Blokhus,"1,152",985,,57.2523474,9.5842346
2022,Torsk,Bønnerup,"1,285","1,120","25,355",56.5193467,10.7203397
2022,Torsk,Dalsgård,32,32,,54.8926905,9.5768153
2022,Torsk,Dragør,463,396,"14,647",55.592487,12.6719953
2022,Torsk,Egernsund,5,5,,54.9065871,9.6032632
2022,Torsk,Fåborg,737,699,"25,930",55.097087,10.2428246
2022,Torsk,Fjællebroen,4,3,,55.0606415,10.3823631
2022,Torsk,Frederikshavn,4,4,,57.4412134,10.5336225
2022,Torsk,Gilleleje,"3,371","2,951","83,538",56.1244169,12.3124485
2022,Torsk,Grenå,"1,014",871,"18,698",56.4134419,10.8793137
2022,Torsk,Hals,23,20,356,56.9963038,10.3084669
2022,Torsk,Hanstholm,"1,409,596","1,205,223","46,512,200",57.1150165,8.6144947
2022,Torsk,Hasle,"1,007",918,"13,560",55.1838021,14.7061711
2022,Torsk,Helsingør,398,343,"9,555",56.0348739,12.6130073
2022,Torsk,Hesnæs,7,7,,54.8241885,12.1364893
2022,Torsk,Hirtshals,"627,347","540,112","19,770,893",57.5908031,9.9649737
2022,Torsk,Hou (nordjylland),311,266,,57.0573849,10.366756
2022,Torsk,Hundested,"1,034",903,"24,018",55.9668501,11.8515494
2022,Torsk,Hvide sande,"28,041","24,043","1,015,379",56.0057884,8.1288435
2022,Torsk,Kalvø,75,75,,54.7236376,11.8617612
2022,Torsk,Kastrup,279,278,,55.6357222,12.6469508
2022,Torsk,Kerteminde,190,173,,55.4532771,10.6547783
2022,Torsk,Klintholm havn,"3,011","2,576","33,153",54.9540184,12.4690854
2022,Torsk,Klitmøller,19,17,,57.0401536,8.4985063
2022,Torsk,Køge,369,299,,55.4565009,12.1818964
2022,Torsk,Korsør,87,76,,55.3266045,11.1425876
2022,Torsk,Kramnitze,"1,140","1,018","24,830",54.7081316,11.2570162
2022,Torsk,Langø,"3,392","2,924","90,223",54.8134596,11.0196153
2022,Torsk,Lohals,5,5,,55.1348685,10.9052825
2022,Torsk,Løkken,"2,062","1,762","54,131",57.3704858,9.7112502
2022,Torsk,Lønstrup,"2,143","1,832","62,866",57.468435,9.7980104
2022,Torsk,Marstal,"3,639","3,161","100,585",54.8558332,10.5174056
2022,Torsk,Mommark,"2,043","1,893","63,841",54.9213988,10.040313
2022,Torsk,Mosede,36,31,,55.5799975,12.2720087
2022,Torsk,Nexø,"9,510","8,390","82,284",55.0650145,15.1307273
2022,Torsk,Nørre vorupør,"2,049","1,752","64,093",56.9533533,8.3754337
2022,Torsk,Nyborg,8,7,,55.3098281,10.7976604
2022,Torsk,Odden,426,364,"8,673",57.5378138,10.0938699
2022,Torsk,Omø,51,47,,55.1582696,11.1495799
2022,Torsk,Østerby,"8,774","7,539","214,311",57.0604418,9.5995831
2022,Torsk,Reersø,33,28,,55.5240151,11.1103965
2022,Torsk,Rødhus,4,3,,57.2167969,9.5372429
2022,Torsk,Rødvig,240,205,"3,468",55.2553773,12.3792675
2022,Torsk,Rønne,"2,767","2,375","29,995",55.0994511,14.7060906
2022,Torsk,Sejerø,4,3,,55.8869999,11.1465334
2022,Torsk,Skagen,"258,015","222,186","7,998,356",57.7259703,10.5844602
2022,Torsk,Skovshoved,53,40,,55.7595816,12.5956873
2022,Torsk,Skudehavnen/københavn,400,342,"7,234",55.7148677,12.6031149
2022,Torsk,Sletten,"3,679","3,162","56,161",55.9542448,12.5304611
2022,Torsk,Slettestrand,85,73,,57.1515512,9.366283
2022,Torsk,Snekkersten,33,33,,56.0107273,12.579952
2022,Torsk,Søby,"2,071","2,040","73,052",54.6890665,11.7283083
2022,Torsk,Sømarken,15,13,,55.0059701,14.9710178
2022,Torsk,Sønder åby,2,2,,55.3622033,9.8693208
2022,Torsk,Sønderborg,112,96,,54.9089186,9.7897999
2022,Torsk,Spodsbjerg,"7,335","6,393","188,563",54.9299931,10.8275735
2022,Torsk,Stenbjerg,504,432,"15,564",56.9209541,8.3592847
2022,Torsk,Strandby (nordjylland),"37,898","32,618","1,185,932",57.4926713,10.4978821
2022,Torsk,Tejn,31,31,,55.2489885,14.833428
2022,Torsk,Thorsminde,"89,763","76,638","3,673,695",56.374526,8.1232421
2022,Torsk,Thorup strand,"61,958","53,271","1,840,389",57.1325764,9.1329115
2022,Torsk,Thyborøn,"637,822","545,209","24,087,687",56.6981186,8.2117981
2022,Torsk,Vedbæk,"6,472","5,561","121,791",55.8540912,12.5653124
2022,Torsk,Vesterø,74,63,,57.2950657,10.9265417
2023,Torsk,Anholt,164,140,"1,929",56.7128297,11.562026
2023,Torsk,Årøsund,25,21,,55.2580919,9.7068676
2023,Torsk,Årsdale,305,261,"3,348",55.1059445,15.144951
2023,Torsk,Assens (fyn),20,17,,,
2023,Torsk,Bagenkop,"9,156","8,098","187,491",54.7495173,10.6751651
2023,Torsk,Ballen (samsø),8,8,,55.8157777,10.637472
2023,Torsk,Blokhus,193,165,,57.2523474,9.5842346
2023,Torsk,Bønnerup,914,787,"14,218",56.5193467,10.7203397
2023,Torsk,Dragør,90,77,,55.592487,12.6719953
2023,Torsk,Ebeltoft,4,3,,56.1988382,10.6770909
2023,Torsk,Egernsund,4,3,,54.9065871,9.6032632
2023,Torsk,Esbjerg,"3,983","3,404",,55.4664892,8.4520751
2023,Torsk,Fåborg,535,460,"11,792",55.097087,10.2428246
2023,Torsk,Fjællebroen,5,4,,55.0606415,10.3823631
2023,Torsk,Gilleleje,"4,726","4,154","93,750",56.1244169,12.3124485
2023,Torsk,Gjøl,63,54,,57.06828,9.7163781
2023,Torsk,Grenå,958,822,"12,548",56.4134419,10.8793137
2023,Torsk,Hals,19,17,338,56.9963038,10.3084669
2023,Torsk,Hanstholm,"1,800,168","1,544,962","54,584,531",57.1150165,8.6144947
2023,Torsk,Hasle,18,15,,55.1838021,14.7061711
2023,Torsk,Havnsø,1,1,,55.7518479,11.3232496
2023,Torsk,Helsingør,173,152,,56.0348739,12.6130073
2023,Torsk,Hesnæs,3,3,,54.8241885,12.1364893
2023,Torsk,Hirtshals,"923,067","793,347","25,873,741",57.5908031,9.9649737
2023,Torsk,Hundested,644,566,"12,043",55.9668501,11.8515494
2023,Torsk,Hvide sande,"66,964","57,161","2,493,701",56.0057884,8.1288435
2023,Torsk,Kalvø,277,277,,54.7236376,11.8617612
2023,Torsk,Kastrup,97,97,,55.6357222,12.6469508
2023,Torsk,Kerteminde,4,4,,55.4532771,10.6547783
2023,Torsk,Klintholm havn,53,49,,54.9540184,12.4690854
2023,Torsk,Klitmøller,77,66,,57.0401536,8.4985063
2023,Torsk,Køge,227,202,,55.4565009,12.1818964
2023,Torsk,Korsør,200,175,,55.3266045,11.1425876
2023,Torsk,Kramnitze,643,569,,54.7081316,11.2570162
2023,Torsk,Langø,"4,312","3,713","111,724",54.8134596,11.0196153
2023,Torsk,Lild strand,1,1,,57.152356,8.9627355
2023,Torsk,Løkken,"7,187","6,151","168,013",57.3704858,9.7112502
2023,Torsk,Lønstrup,"5,249","4,487","107,598",57.468435,9.7980104
2023,Torsk,Lundeborg,29,25,,55.1397523,10.7825356
2023,Torsk,Marstal,"2,224","1,901",,54.8558332,10.5174056
2023,Torsk,Mommark,"1,298","1,141","37,113",54.9213988,10.040313
2023,Torsk,Mosede,432,369,,55.5799975,12.2720087
2023,Torsk,Nexø,"3,603","3,222","34,603",55.0650145,15.1307273
2023,Torsk,Nørre vorupør,842,720,"21,088",56.9533533,8.3754337
2023,Torsk,Nyborg,12,10,,55.3098281,10.7976604
2023,Torsk,Odden,23,20,,57.5378138,10.0938699
2023,Torsk,Omø,63,54,,55.1582696,11.1495799
2023,Torsk,Østerby,"9,711","8,335","170,632",57.0604418,9.5995831
2023,Torsk,Rødhus,197,168,,57.2167969,9.5372429
2023,Torsk,Rødvig,542,554,"7,079",55.2553773,12.3792675
2023,Torsk,Rønne,592,523,"6,332",55.0994511,14.7060906
2023,Torsk,Skærbæk,30,30,,55.157032,8.765738
2023,Torsk,Skagen,"352,142","302,132","9,916,038",57.7259703,10.5844602
2023,Torsk,Skovshoved,87,75,,55.7595816,12.5956873
2023,Torsk,Skudehavnen/københavn,739,632,"10,505",55.7148677,12.6031149
2023,Torsk,Sletten,"3,383","2,928",,55.9542448,12.5304611
2023,Torsk,Slettestrand,25,22,,57.1515512,9.366283
2023,Torsk,Søby,25,21,,54.6890665,11.7283083
2023,Torsk,Sømarken,2,2,,55.0059701,14.9710178
2023,Torsk,Sønderborg,750,698,,54.9089186,9.7897999
2023,Torsk,Sønderskov (øst for skærbæk),28,24,,,
2023,Torsk,Spodsbjerg,"8,009","6,920","210,387",54.9299931,10.8275735
2023,Torsk,Stenbjerg,278,238,"6,002",56.9209541,8.3592847
2023,Torsk,Strandby (nordjylland),"44,846","38,480","1,266,666",57.4926713,10.4978821
2023,Torsk,Stubbekøbing,15,13,172,54.888364,12.0381564
2023,Torsk,Thorsminde,"151,578","129,794","5,835,063",56.374526,8.1232421
2023,Torsk,Thorup strand,"67,124","58,664","2,032,738",57.1325764,9.1329115
2023,Torsk,Thyborøn,"1,097,560","939,672","37,016,471",56.6981186,8.2117981
2023,Torsk,Vedbæk,"3,210","2,856","67,387",55.8540912,12.5653124
2023,Torsk,Vesterø,89,76,,57.2950657,10.9265417
2024,Torsk,Agernæs,1,1,,55.5902754,10.3416912
2024,Torsk,Anholt,97,83,"1,204",56.7128297,11.562026
2024,Torsk,Årøsund,39,38,,55.2580919,9.7068676
2024,Torsk,Assens (fyn),27,23,,,
2024,Torsk,Bagenkop,"3,567","3,115","74,086",54.7495173,10.6751651
2024,Torsk,Ballen (samsø),2,2,,55.8157777,10.637472
2024,Torsk,Blokhus,47,40,,57.2523474,9.5842346
2024,Torsk,Bønnerup,826,709,"9,896",56.5193467,10.7203397
2024,Torsk,Dragør,15,13,,55.592487,12.6719953
2024,Torsk,Egernsund,6,5,,54.9065871,9.6032632
2024,Torsk,Fåborg,81,69,,55.097087,10.2428246
2024,Torsk,Frederikshavn,0,0,,57.4412134,10.5336225
2024,Torsk,Gilleleje,"4,072","3,546","71,981",56.1244169,12.3124485
2024,Torsk,Grenå,"1,775","1,629","15,790",56.4134419,10.8793137
2024,Torsk,Hals,184,157,"4,221",56.9963038,10.3084669
2024,Torsk,Hanstholm,"1,688,924","1,446,927","55,153,138",57.1150165,8.6144947
2024,Torsk,Hasle,73,66,,55.1838021,14.7061711
2024,Torsk,Helsingør,247,222,,56.0348739,12.6130073
2024,Torsk,Hesnæs,2,2,,54.8241885,12.1364893
2024,Torsk,Hirtshals,"901,341","773,705","27,936,593",57.5908031,9.9649737
2024,Torsk,Hundested,"1,086",985,"11,386",55.9668501,11.8515494
2024,Torsk,Hvide sande,"66,909","57,259","2,811,463",56.0057884,8.1288435
2024,Torsk,Kalvø,91,91,,54.7236376,11.8617612
2024,Torsk,Kastrup,62,62,,55.6357222,12.6469508
2024,Torsk,Kerteminde,19,19,,55.4532771,10.6547783
2024,Torsk,Klintholm havn,91,78,,54.9540184,12.4690854
2024,Torsk,Køge,33,29,,55.4565009,12.1818964
2024,Torsk,Korsør,104,90,,55.3266045,11.1425876
2024,Torsk,Kramnitze,26,23,,54.7081316,11.2570162
2024,Torsk,Langø,"3,627","3,110","87,137",54.8134596,11.0196153
2024,Torsk,Løkken,"15,005","12,923","428,492",57.3704858,9.7112502
2024,Torsk,Lønstrup,"2,221","1,899","58,472",57.468435,9.7980104
2024,Torsk,Marstal,"2,457","2,100",,54.8558332,10.5174056
2024,Torsk,Mommark,735,646,,54.9213988,10.040313
2024,Torsk,Nexø,"1,855","1,630","16,698",55.0650145,15.1307273
2024,Torsk,Nørre vorupør,329,281,"9,365",56.9533533,8.3754337
2024,Torsk,Nyborg,4,3,,55.3098281,10.7976604
2024,Torsk,Odden,4,4,,57.5378138,10.0938699
2024,Torsk,Østerby,"8,532","7,312","174,232",57.0604418,9.5995831
2024,Torsk,Rødhus,537,472,"17,616",57.2167969,9.5372429
2024,Torsk,Rødvig,87,83,940,55.2553773,12.3792675
2024,Torsk,Rønnerhavn,1,1,,,
2024,Torsk,Skagen,"427,267","366,237","13,646,860",57.7259703,10.5844602
2024,Torsk,Skovshoved,5,4,,55.7595816,12.5956873
2024,Torsk,Skudehavnen/københavn,90,77,,55.7148677,12.6031149
2024,Torsk,Sletten,542,465,,55.9542448,12.5304611
2024,Torsk,Snekkersten,17,16,,56.0107273,12.579952
2024,Torsk,Søby,43,37,,54.6890665,11.7283083
2024,Torsk,Sømarken,7,4,,55.0059701,14.9710178
2024,Torsk,Sønderborg,109,93,,54.9089186,9.7897999
2024,Torsk,Spodsbjerg,"4,455","3,925","122,110",54.9299931,10.8275735
2024,Torsk,Stenbjerg,11,9,221,56.9209541,8.3592847
2024,Torsk,Strandby (nordjylland),"47,778","41,124","1,440,437",57.4926713,10.4978821
2024,Torsk,Stubbekøbing,1,1,,54.888364,12.0381564
2024,Torsk,Thorsminde,"180,613","154,564","7,522,203",56.374526,8.1232421
2024,Torsk,Thorup strand,"59,455","52,028","1,956,394",57.1325764,9.1329115
2024,Torsk,Thyborøn,"1,317,645","1,128,562","48,958,150",56.6981186,8.2117981
2024,Torsk,Vedbæk,365,317,"6,241",55.8540912,12.5653124
2024,Torsk,Vesterø,37,32,,57.2950657,10.9265417
2025,Torsk,Ålbæk,145,124,,57.5925422,10.4115924
2025,Torsk,Anholt,50,41,553,56.7128297,11.562026
2025,Torsk,Bagenkop,"1,945","1,749","44,018",54.7495173,10.6751651
2025,Torsk,Blokhus,104,89,,57.2523474,9.5842346
2025,Torsk,Bønnerup,273,236,"4,528",56.5193467,10.7203397
2025,Torsk,Dragør,13,13,,55.592487,12.6719953
2025,Torsk,Gilleleje,"1,316","1,148","26,863",56.1244169,12.3124485
2025,Torsk,Grenå,120,104,"1,560",56.4134419,10.8793137
2025,Torsk,Hals,"1,658","1,435","58,458",56.9963038,10.3084669
2025,Torsk,Hanstholm,"894,035","767,048","35,548,568",57.1150165,8.6144947
2025,Torsk,Hasle,284,274,,55.1838021,14.7061711
2025,Torsk,Helsingør,27,23,,56.0348739,12.6130073
2025,Torsk,Hirtshals,"453,277","388,888","17,263,740",57.5908031,9.9649737
2025,Torsk,Hundested,883,791,"6,706",55.9668501,11.8515494
2025,Torsk,Hvide sande,"35,062","31,383","1,513,651",56.0057884,8.1288435
2025,Torsk,Kalvø,32,32,,54.7236376,11.8617612
2025,Torsk,Kerteminde,26,26,,55.4532771,10.6547783
2025,Torsk,Klitmøller,109,93,,57.0401536,8.4985063
2025,Torsk,København,6,6,,55.6867243,12.5700724
2025,Torsk,Køge,39,34,,55.4565009,12.1818964
2025,Torsk,Korshavn (v. fyns hoved),9,8,,,
2025,Torsk,Korsør,13,12,,55.3266045,11.1425876
2025,Torsk,Kramnitze,8,7,,54.7081316,11.2570162
2025,Torsk,Langø,917,800,,54.8134596,11.0196153
2025,Torsk,Listed,1,1,,55.1443676,15.1120376
2025,Torsk,Løkken,"2,491","2,151","84,923",57.3704858,9.7112502
2025,Torsk,Lønstrup,459,393,"16,425",57.468435,9.7980104
2025,Torsk,Marstal,421,360,,54.8558332,10.5174056
2025,Torsk,Mommark,138,120,,54.9213988,10.040313
2025,Torsk,Nexø,270,235,"2,625",55.0650145,15.1307273
2025,Torsk,Nørre vorupør,34,29,"1,258",56.9533533,8.3754337
2025,Torsk,Odden,1,1,,57.5378138,10.0938699
2025,Torsk,Østerby,"3,890","3,349","94,817",57.0604418,9.5995831
2025,Torsk,Rødhus,371,351,,57.2167969,9.5372429
2025,Torsk,Rødvig,78,82,,55.2553773,12.3792675
2025,Torsk,Rønne,1,1,,55.0994511,14.7060906
2025,Torsk,Skagen,"233,834","200,612","9,028,437",57.7259703,10.5844602
2025,Torsk,Skovshoved,2,2,,55.7595816,12.5956873
2025,Torsk,Sletten,128,110,,55.9542448,12.5304611
2025,Torsk,Slettestrand,66,57,,57.1515512,9.366283
2025,Torsk,Snekkersten,15,15,,56.0107273,12.579952
2025,Torsk,Sønderborg,115,98,,54.9089186,9.7897999
2025,Torsk,Spodsbjerg,"1,631","1,472","50,671",54.9299931,10.8275735
2025,Torsk,Stenbjerg,2,2,,56.9209541,8.3592847
2025,Torsk,Strandby (nordjylland),"26,210","22,501","945,836",57.4926713,10.4978821
2025,Torsk,Tejn,39,33,,55.2489885,14.833428
2025,Torsk,Thorsminde,"143,416","124,612","6,482,382",56.374526,8.1232421
2025,Torsk,Thorup strand,"19,332","17,349","804,599",57.1325764,9.1329115
2025,Torsk,Thyborøn,"714,316","612,549","31,800,146",56.6981186,8.2117981
2025,Torsk,Vang,1,1,,55.2480758,14.7392738
2025,Torsk,Vedbæk,11,10,346,55.8540912,12.5653124
2025,Torsk,Vesterø,40,34,,57.2950657,10.9265417
